dataset_id	modality	task	method_id	method_version	baseline_flag	metric_id	metric_value	metric_ci_low	metric_ci_high	metric_unit	eval_split	replicate_id	n_units	notes
10x_PBMC_3k_scRNA_2016_S3	scRNA-seq	qc+cluster	scanpy-standard	scanpy=1.10.3;anndata=0.11.4;numpy=1.26.4;scipy=1.11.4;pandas=2.2.2;scikit-learn=1.4.2	1	n_cells_after_qc	2699				all	20260201T165752Z-scrna_baseline-e04fee430b	2699	seed=0;qc_min_genes=200;qc_max_pct_mt=20.0;hvg_flavor=cell_ranger
10x_PBMC_3k_scRNA_2016_S3	scRNA-seq	qc+cluster	scanpy-standard	scanpy=1.10.3;anndata=0.11.4;numpy=1.26.4;scipy=1.11.4;pandas=2.2.2;scikit-learn=1.4.2	1	median_total_counts	2197.0				all	20260201T165752Z-scrna_baseline-e04fee430b	2699	seed=0;qc_min_genes=200;qc_max_pct_mt=20.0;hvg_flavor=cell_ranger
10x_PBMC_3k_scRNA_2016_S3	scRNA-seq	qc+cluster	scanpy-standard	scanpy=1.10.3;anndata=0.11.4;numpy=1.26.4;scipy=1.11.4;pandas=2.2.2;scikit-learn=1.4.2	1	median_n_genes_by_counts	817.0				all	20260201T165752Z-scrna_baseline-e04fee430b	2699	seed=0;qc_min_genes=200;qc_max_pct_mt=20.0;hvg_flavor=cell_ranger
10x_PBMC_3k_scRNA_2016_S3	scRNA-seq	qc+cluster	scanpy-standard	scanpy=1.10.3;anndata=0.11.4;numpy=1.26.4;scipy=1.11.4;pandas=2.2.2;scikit-learn=1.4.2	1	median_pct_counts_mt	2.029312288613303				all	20260201T165752Z-scrna_baseline-e04fee430b	2699	seed=0;qc_min_genes=200;qc_max_pct_mt=20.0;hvg_flavor=cell_ranger
10x_PBMC_3k_scRNA_2016_S3	scRNA-seq	qc+cluster	scanpy-standard	scanpy=1.10.3;anndata=0.11.4;numpy=1.26.4;scipy=1.11.4;pandas=2.2.2;scikit-learn=1.4.2	1	n_clusters	5				all	20260201T165752Z-scrna_baseline-e04fee430b	2699	seed=0;qc_min_genes=200;qc_max_pct_mt=20.0;hvg_flavor=cell_ranger
10x_PBMC_3k_scRNA_2016_S3	scRNA-seq	annotation	celltypist	celltypist=1.7.1	0	n_cell_types_pred	12				all	20260201T165752Z-scrna_baseline-e04fee430b	2699	model=Immune_All_Low.pkl;majority_voting=TRUE (PBMC-style default)
10x_PBMC_3k_scRNA_2016_S3	scRNA-seq	qc+cluster	scanpy-standard	scanpy=1.10.3;anndata=0.11.4;numpy=1.26.4;scipy=1.11.4;pandas=2.2.2;scikit-learn=1.4.2	1	n_cells_after_qc	2699				all	20260201T170224Z-scrna_baseline-a893b2b91a	2699	seed=0;qc_min_genes=200;qc_max_pct_mt=20.0;hvg_flavor=cell_ranger
10x_PBMC_3k_scRNA_2016_S3	scRNA-seq	qc+cluster	scanpy-standard	scanpy=1.10.3;anndata=0.11.4;numpy=1.26.4;scipy=1.11.4;pandas=2.2.2;scikit-learn=1.4.2	1	median_total_counts	2197.0				all	20260201T170224Z-scrna_baseline-a893b2b91a	2699	seed=0;qc_min_genes=200;qc_max_pct_mt=20.0;hvg_flavor=cell_ranger
10x_PBMC_3k_scRNA_2016_S3	scRNA-seq	qc+cluster	scanpy-standard	scanpy=1.10.3;anndata=0.11.4;numpy=1.26.4;scipy=1.11.4;pandas=2.2.2;scikit-learn=1.4.2	1	median_n_genes_by_counts	817.0				all	20260201T170224Z-scrna_baseline-a893b2b91a	2699	seed=0;qc_min_genes=200;qc_max_pct_mt=20.0;hvg_flavor=cell_ranger
10x_PBMC_3k_scRNA_2016_S3	scRNA-seq	qc+cluster	scanpy-standard	scanpy=1.10.3;anndata=0.11.4;numpy=1.26.4;scipy=1.11.4;pandas=2.2.2;scikit-learn=1.4.2	1	median_pct_counts_mt	2.029312288613303				all	20260201T170224Z-scrna_baseline-a893b2b91a	2699	seed=0;qc_min_genes=200;qc_max_pct_mt=20.0;hvg_flavor=cell_ranger
10x_PBMC_3k_scRNA_2016_S3	scRNA-seq	qc+cluster	scanpy-standard	scanpy=1.10.3;anndata=0.11.4;numpy=1.26.4;scipy=1.11.4;pandas=2.2.2;scikit-learn=1.4.2	1	n_clusters	5				all	20260201T170224Z-scrna_baseline-a893b2b91a	2699	seed=0;qc_min_genes=200;qc_max_pct_mt=20.0;hvg_flavor=cell_ranger
10x_PBMC_3k_scRNA_2016_S3	scRNA-seq	annotation	celltypist	celltypist=1.7.1	0	n_cell_types_pred	12				all	20260201T170224Z-scrna_baseline-a893b2b91a	2699	model=Immune_All_Low.pkl;majority_voting=TRUE (PBMC-style default)
PBMC3K_PLUS_PBMC10K_INTEGRATION	scRNA-seq	integration	scanpy-standard	scanpy=1.10.3;anndata=0.11.4;numpy=1.26.4;scipy=1.11.4;pandas=2.2.2;scikit-learn=1.4.2	1	batch_mixing_nn_frac_mean	0.0021816963419483935				all	20260201T170416Z-scrna_advanced-a0e75312e5	13742	qc_min_genes=200;qc_max_pct_mt=20.0;hvg_flavor=cell_ranger
PBMC3K_PLUS_PBMC10K_INTEGRATION	scRNA-seq	integration	harmony	harmonypy=0.0.10	0	batch_mixing_nn_frac_mean	0.12742151011564434				all	20260201T170416Z-scrna_advanced-a0e75312e5	13742	qc_min_genes=200;qc_max_pct_mt=20.0;hvg_flavor=cell_ranger
PBMC3K_PLUS_PBMC10K_INTEGRATION	scRNA-seq	integration	harmony	harmonypy=0.0.10	0	ari_clusters_vs_baseline	0.8230437812449239				all	20260201T170416Z-scrna_advanced-a0e75312e5	13742	ARI between baseline and harmony clusters
10x_Visium_Human_Lymph_Node_1p1_cf	Visium	visium_qc+cluster	scanpy-visium-baseline	scanpy=1.10.3;anndata=0.11.4;numpy=1.26.4;scipy=1.11.4;pandas=2.2.2;scikit-learn=1.4.2	1	n_spots_total	4035				in_tissue	20260202T051034Z-visium_baseline-2da62f921a	4035	neighbors=6 on array coords; leiden_res=0.5
10x_Visium_Human_Lymph_Node_1p1_cf	Visium	visium_qc+cluster	scanpy-visium-baseline	scanpy=1.10.3;anndata=0.11.4;numpy=1.26.4;scipy=1.11.4;pandas=2.2.2;scikit-learn=1.4.2	1	n_spots_in_tissue	4035				in_tissue	20260202T051034Z-visium_baseline-2da62f921a	4035	neighbors=6 on array coords; leiden_res=0.5
10x_Visium_Human_Lymph_Node_1p1_cf	Visium	visium_qc+cluster	scanpy-visium-baseline	scanpy=1.10.3;anndata=0.11.4;numpy=1.26.4;scipy=1.11.4;pandas=2.2.2;scikit-learn=1.4.2	1	median_total_counts	20239.0				in_tissue	20260202T051034Z-visium_baseline-2da62f921a	4035	neighbors=6 on array coords; leiden_res=0.5
10x_Visium_Human_Lymph_Node_1p1_cf	Visium	visium_qc+cluster	scanpy-visium-baseline	scanpy=1.10.3;anndata=0.11.4;numpy=1.26.4;scipy=1.11.4;pandas=2.2.2;scikit-learn=1.4.2	1	median_n_genes_by_counts	5999.0				in_tissue	20260202T051034Z-visium_baseline-2da62f921a	4035	neighbors=6 on array coords; leiden_res=0.5
10x_Visium_Human_Lymph_Node_1p1_cf	Visium	visium_qc+cluster	scanpy-visium-baseline	scanpy=1.10.3;anndata=0.11.4;numpy=1.26.4;scipy=1.11.4;pandas=2.2.2;scikit-learn=1.4.2	1	median_pct_counts_mt	0.9893129770992366				in_tissue	20260202T051034Z-visium_baseline-2da62f921a	4035	neighbors=6 on array coords; leiden_res=0.5
10x_Visium_Human_Lymph_Node_1p1_cf	Visium	visium_qc+cluster	scanpy-visium-baseline	scanpy=1.10.3;anndata=0.11.4;numpy=1.26.4;scipy=1.11.4;pandas=2.2.2;scikit-learn=1.4.2	1	n_clusters	16				in_tissue	20260202T051034Z-visium_baseline-2da62f921a	4035	neighbors=6 on array coords; leiden_res=0.5
10x_Visium_Human_Lymph_Node_1p1_cf	Visium	visium_qc+cluster	scanpy-visium-baseline	scanpy=1.10.3;anndata=0.11.4;numpy=1.26.4;scipy=1.11.4;pandas=2.2.2;scikit-learn=1.4.2	1	n_spots_total	4035				in_tissue	20260202T051526Z-visium_baseline-a5bd6b8a1a	4035	neighbors=6 on array coords; leiden_res=0.5
10x_Visium_Human_Lymph_Node_1p1_cf	Visium	visium_qc+cluster	scanpy-visium-baseline	scanpy=1.10.3;anndata=0.11.4;numpy=1.26.4;scipy=1.11.4;pandas=2.2.2;scikit-learn=1.4.2	1	n_spots_in_tissue	4035				in_tissue	20260202T051526Z-visium_baseline-a5bd6b8a1a	4035	neighbors=6 on array coords; leiden_res=0.5
10x_Visium_Human_Lymph_Node_1p1_cf	Visium	visium_qc+cluster	scanpy-visium-baseline	scanpy=1.10.3;anndata=0.11.4;numpy=1.26.4;scipy=1.11.4;pandas=2.2.2;scikit-learn=1.4.2	1	median_total_counts	20239.0				in_tissue	20260202T051526Z-visium_baseline-a5bd6b8a1a	4035	neighbors=6 on array coords; leiden_res=0.5
10x_Visium_Human_Lymph_Node_1p1_cf	Visium	visium_qc+cluster	scanpy-visium-baseline	scanpy=1.10.3;anndata=0.11.4;numpy=1.26.4;scipy=1.11.4;pandas=2.2.2;scikit-learn=1.4.2	1	median_n_genes_by_counts	5999.0				in_tissue	20260202T051526Z-visium_baseline-a5bd6b8a1a	4035	neighbors=6 on array coords; leiden_res=0.5
10x_Visium_Human_Lymph_Node_1p1_cf	Visium	visium_qc+cluster	scanpy-visium-baseline	scanpy=1.10.3;anndata=0.11.4;numpy=1.26.4;scipy=1.11.4;pandas=2.2.2;scikit-learn=1.4.2	1	median_pct_counts_mt	0.9893129770992366				in_tissue	20260202T051526Z-visium_baseline-a5bd6b8a1a	4035	neighbors=6 on array coords; leiden_res=0.5
10x_Visium_Human_Lymph_Node_1p1_cf	Visium	visium_qc+cluster	scanpy-visium-baseline	scanpy=1.10.3;anndata=0.11.4;numpy=1.26.4;scipy=1.11.4;pandas=2.2.2;scikit-learn=1.4.2	1	n_clusters	16				in_tissue	20260202T051526Z-visium_baseline-a5bd6b8a1a	4035	neighbors=6 on array coords; leiden_res=0.5
10x_Visium_Human_Lymph_Node_1p1_cf	Visium	visium_qc+cluster	scanpy-visium-baseline	scanpy=1.10.3;anndata=0.11.4;numpy=1.26.4;scipy=1.11.4;pandas=2.2.2;scikit-learn=1.4.2	1	n_spots_total	4035				in_tissue	20260202T054416Z-visium_baseline-a5aa992f89	4035	neighbors=6 on array coords; leiden_res=0.5
10x_Visium_Human_Lymph_Node_1p1_cf	Visium	visium_qc+cluster	scanpy-visium-baseline	scanpy=1.10.3;anndata=0.11.4;numpy=1.26.4;scipy=1.11.4;pandas=2.2.2;scikit-learn=1.4.2	1	n_spots_in_tissue	4035				in_tissue	20260202T054416Z-visium_baseline-a5aa992f89	4035	neighbors=6 on array coords; leiden_res=0.5
10x_Visium_Human_Lymph_Node_1p1_cf	Visium	visium_qc+cluster	scanpy-visium-baseline	scanpy=1.10.3;anndata=0.11.4;numpy=1.26.4;scipy=1.11.4;pandas=2.2.2;scikit-learn=1.4.2	1	median_total_counts	20239.0				in_tissue	20260202T054416Z-visium_baseline-a5aa992f89	4035	neighbors=6 on array coords; leiden_res=0.5
10x_Visium_Human_Lymph_Node_1p1_cf	Visium	visium_qc+cluster	scanpy-visium-baseline	scanpy=1.10.3;anndata=0.11.4;numpy=1.26.4;scipy=1.11.4;pandas=2.2.2;scikit-learn=1.4.2	1	median_n_genes_by_counts	5999.0				in_tissue	20260202T054416Z-visium_baseline-a5aa992f89	4035	neighbors=6 on array coords; leiden_res=0.5
10x_Visium_Human_Lymph_Node_1p1_cf	Visium	visium_qc+cluster	scanpy-visium-baseline	scanpy=1.10.3;anndata=0.11.4;numpy=1.26.4;scipy=1.11.4;pandas=2.2.2;scikit-learn=1.4.2	1	median_pct_counts_mt	0.9893129770992366				in_tissue	20260202T054416Z-visium_baseline-a5aa992f89	4035	neighbors=6 on array coords; leiden_res=0.5
10x_Visium_Human_Lymph_Node_1p1_cf	Visium	visium_qc+cluster	scanpy-visium-baseline	scanpy=1.10.3;anndata=0.11.4;numpy=1.26.4;scipy=1.11.4;pandas=2.2.2;scikit-learn=1.4.2	1	n_clusters	16				in_tissue	20260202T054416Z-visium_baseline-a5aa992f89	4035	neighbors=6 on array coords; leiden_res=0.5
10x_PBMC_3k_scRNA_2016_S3	scRNA-seq	qc+cluster	seurat-v5-standard	Seurat=5.4.0;SeuratObject=5.3.0;R=4.5.2	1	n_cells_after_qc	2698				all	20260203T055809Z-scrna_baseline-8de7a163ec	2698	seed=1qc_min_features=200;qc_max_pct_mt=20;normalize=LogNormalize;hvg=vst(2000);nn=rann;cluster=leiden(res=0.5)
10x_PBMC_3k_scRNA_2016_S3	scRNA-seq	qc+cluster	seurat-v5-standard	Seurat=5.4.0;SeuratObject=5.3.0;R=4.5.2	1	median_total_counts	2196.5				all	20260203T055809Z-scrna_baseline-8de7a163ec	2698	seed=1qc_min_features=200;qc_max_pct_mt=20;normalize=LogNormalize;hvg=vst(2000);nn=rann;cluster=leiden(res=0.5)
10x_PBMC_3k_scRNA_2016_S3	scRNA-seq	qc+cluster	seurat-v5-standard	Seurat=5.4.0;SeuratObject=5.3.0;R=4.5.2	1	median_n_genes_by_counts	816				all	20260203T055809Z-scrna_baseline-8de7a163ec	2698	seed=1qc_min_features=200;qc_max_pct_mt=20;normalize=LogNormalize;hvg=vst(2000);nn=rann;cluster=leiden(res=0.5)
10x_PBMC_3k_scRNA_2016_S3	scRNA-seq	qc+cluster	seurat-v5-standard	Seurat=5.4.0;SeuratObject=5.3.0;R=4.5.2	1	median_pct_counts_mt	2.0301				all	20260203T055809Z-scrna_baseline-8de7a163ec	2698	seed=1qc_min_features=200;qc_max_pct_mt=20;normalize=LogNormalize;hvg=vst(2000);nn=rann;cluster=leiden(res=0.5)
10x_PBMC_3k_scRNA_2016_S3	scRNA-seq	qc+cluster	seurat-v5-standard	Seurat=5.4.0;SeuratObject=5.3.0;R=4.5.2	1	n_clusters	5				all	20260203T055809Z-scrna_baseline-8de7a163ec	2698	seed=1qc_min_features=200;qc_max_pct_mt=20;normalize=LogNormalize;hvg=vst(2000);nn=rann;cluster=leiden(res=0.5)
Mouse_Brain_Visium_10x	Visium	visium_deconvolution	rctd	2.2.1	1	n_cell_types	22				in_tissue	20260205T154121Z-visium_deconvolution-b4927be737	2695	reference=Allen_Cortex_scRNA_SeuratV5_Reference_RDS;labels=provided_tsv
Mouse_Brain_Visium_10x	Visium	visium_deconvolution	tangram	1.0.4	0	n_cell_types	23				in_tissue	20260205T154121Z-visium_deconvolution-b4927be737	2695	reference=Allen_Cortex_scRNA_SeuratV5_Reference_RDS;labels=provided_tsv;compute_tier=gpu
Mouse_Brain_Visium_10x	Visium	visium_deconvolution	rctd	2.2.1	1	gene_overlap	19641				in_tissue	20260205T154121Z-visium_deconvolution-b4927be737	2695	reference=Allen_Cortex_scRNA_SeuratV5_Reference_RDS;labels=provided_tsv
Mouse_Brain_Visium_10x	Visium	visium_deconvolution	tangram	1.0.4	0	gene_overlap	2000				in_tissue	20260205T154121Z-visium_deconvolution-b4927be737	2695	reference=Allen_Cortex_scRNA_SeuratV5_Reference_RDS;labels=provided_tsv;compute_tier=gpu
Mouse_Brain_Visium_10x	Visium	visium_deconvolution	rctd	2.2.1	1	mean_entropy	1.9859				in_tissue	20260205T154121Z-visium_deconvolution-b4927be737	2695	reference=Allen_Cortex_scRNA_SeuratV5_Reference_RDS;labels=provided_tsv
Mouse_Brain_Visium_10x	Visium	visium_deconvolution	tangram	1.0.4	0	mean_entropy	2.410571433221199				in_tissue	20260205T154121Z-visium_deconvolution-b4927be737	2695	reference=Allen_Cortex_scRNA_SeuratV5_Reference_RDS;labels=provided_tsv;compute_tier=gpu
Mouse_Brain_Visium_10x	Visium	visium_deconvolution	rctd	2.2.1	1	mean_max_weight	0.3611				in_tissue	20260205T154121Z-visium_deconvolution-b4927be737	2695	reference=Allen_Cortex_scRNA_SeuratV5_Reference_RDS;labels=provided_tsv
Mouse_Brain_Visium_10x	Visium	visium_deconvolution	tangram	1.0.4	0	mean_max_weight	0.23574155969598767				in_tissue	20260205T154121Z-visium_deconvolution-b4927be737	2695	reference=Allen_Cortex_scRNA_SeuratV5_Reference_RDS;labels=provided_tsv;compute_tier=gpu
Mouse_Brain_Visium_10x	Visium	visium_deconvolution	rctd	2.2.1	1	n_cell_types	22				in_tissue	20260205T162716Z-visium_deconvolution-158259d2e6	2695	reference=Allen_Cortex_scRNA_SeuratV5_Reference_RDS;labels=provided_tsv
Mouse_Brain_Visium_10x	Visium	visium_deconvolution	tangram	1.0.4	0	n_cell_types	23				in_tissue	20260205T162716Z-visium_deconvolution-158259d2e6	2695	reference=Allen_Cortex_scRNA_SeuratV5_Reference_RDS;labels=provided_tsv;compute_tier=gpu
Mouse_Brain_Visium_10x	Visium	visium_deconvolution	rctd	2.2.1	1	gene_overlap	19641				in_tissue	20260205T162716Z-visium_deconvolution-158259d2e6	2695	reference=Allen_Cortex_scRNA_SeuratV5_Reference_RDS;labels=provided_tsv
Mouse_Brain_Visium_10x	Visium	visium_deconvolution	tangram	1.0.4	0	gene_overlap	2000				in_tissue	20260205T162716Z-visium_deconvolution-158259d2e6	2695	reference=Allen_Cortex_scRNA_SeuratV5_Reference_RDS;labels=provided_tsv;compute_tier=gpu
Mouse_Brain_Visium_10x	Visium	visium_deconvolution	rctd	2.2.1	1	mean_entropy	1.9859				in_tissue	20260205T162716Z-visium_deconvolution-158259d2e6	2695	reference=Allen_Cortex_scRNA_SeuratV5_Reference_RDS;labels=provided_tsv
Mouse_Brain_Visium_10x	Visium	visium_deconvolution	tangram	1.0.4	0	mean_entropy	2.411036091009651				in_tissue	20260205T162716Z-visium_deconvolution-158259d2e6	2695	reference=Allen_Cortex_scRNA_SeuratV5_Reference_RDS;labels=provided_tsv;compute_tier=gpu
Mouse_Brain_Visium_10x	Visium	visium_deconvolution	rctd	2.2.1	1	mean_max_weight	0.3611				in_tissue	20260205T162716Z-visium_deconvolution-158259d2e6	2695	reference=Allen_Cortex_scRNA_SeuratV5_Reference_RDS;labels=provided_tsv
Mouse_Brain_Visium_10x	Visium	visium_deconvolution	tangram	1.0.4	0	mean_max_weight	0.23570612477374808				in_tissue	20260205T162716Z-visium_deconvolution-158259d2e6	2695	reference=Allen_Cortex_scRNA_SeuratV5_Reference_RDS;labels=provided_tsv;compute_tier=gpu
Mouse_Brain_Visium_10x	Visium	visium_deconvolution	cell2location	0.1.4	0	n_cell_types	14				in_tissue	20260205T224332Z-visium_deconvolution-0614d8c903	200	reference=Allen_Cortex_scRNA_SeuratV5_Reference_RDS;labels=provided_tsv;compute_tier=gpu
Mouse_Brain_Visium_10x	Visium	visium_deconvolution	cell2location	0.1.4	0	gene_overlap	13722				in_tissue	20260205T224332Z-visium_deconvolution-0614d8c903	200	reference=Allen_Cortex_scRNA_SeuratV5_Reference_RDS;labels=provided_tsv;compute_tier=gpu
Mouse_Brain_Visium_10x	Visium	visium_deconvolution	cell2location	0.1.4	0	mean_entropy	2.637416124343872				in_tissue	20260205T224332Z-visium_deconvolution-0614d8c903	200	reference=Allen_Cortex_scRNA_SeuratV5_Reference_RDS;labels=provided_tsv;compute_tier=gpu
Mouse_Brain_Visium_10x	Visium	visium_deconvolution	cell2location	0.1.4	0	mean_max_weight	0.07876403629779816				in_tissue	20260205T224332Z-visium_deconvolution-0614d8c903	200	reference=Allen_Cortex_scRNA_SeuratV5_Reference_RDS;labels=provided_tsv;compute_tier=gpu
Mouse_Brain_Visium_10x	Visium	visium_deconvolution	cell2location	0.1.4	0	n_cell_types	22				in_tissue	20260206T023853Z-visium_deconvolution-6c607a2569	2500	reference=Allen_Cortex_scRNA_SeuratV5_Reference_RDS;labels=provided_tsv;compute_tier=gpu
Mouse_Brain_Visium_10x	Visium	visium_deconvolution	cell2location	0.1.4	0	gene_overlap	16652				in_tissue	20260206T023853Z-visium_deconvolution-6c607a2569	2500	reference=Allen_Cortex_scRNA_SeuratV5_Reference_RDS;labels=provided_tsv;compute_tier=gpu
Mouse_Brain_Visium_10x	Visium	visium_deconvolution	cell2location	0.1.4	0	mean_entropy	3.090954542160034				in_tissue	20260206T023853Z-visium_deconvolution-6c607a2569	2500	reference=Allen_Cortex_scRNA_SeuratV5_Reference_RDS;labels=provided_tsv;compute_tier=gpu
Mouse_Brain_Visium_10x	Visium	visium_deconvolution	cell2location	0.1.4	0	mean_max_weight	0.04664904251694679				in_tissue	20260206T023853Z-visium_deconvolution-6c607a2569	2500	reference=Allen_Cortex_scRNA_SeuratV5_Reference_RDS;labels=provided_tsv;compute_tier=gpu
Mouse_Brain_Visium_10x	Visium	visium_deconvolution	cell2location	0.1.4	0	n_cell_types	22				in_tissue	20260208T061354Z-visium_deconvolution-dcb151388b	2695	reference=Allen_Cortex_scRNA_SeuratV5_Reference_RDS;labels=provided_tsv;compute_tier=gpu
Mouse_Brain_Visium_10x	Visium	visium_deconvolution	cell2location	0.1.4	0	gene_overlap	16717				in_tissue	20260208T061354Z-visium_deconvolution-dcb151388b	2695	reference=Allen_Cortex_scRNA_SeuratV5_Reference_RDS;labels=provided_tsv;compute_tier=gpu
Mouse_Brain_Visium_10x	Visium	visium_deconvolution	cell2location	0.1.4	0	mean_entropy	3.0908286571502686				in_tissue	20260208T061354Z-visium_deconvolution-dcb151388b	2695	reference=Allen_Cortex_scRNA_SeuratV5_Reference_RDS;labels=provided_tsv;compute_tier=gpu
Mouse_Brain_Visium_10x	Visium	visium_deconvolution	cell2location	0.1.4	0	mean_max_weight	0.04732504487037659				in_tissue	20260208T061354Z-visium_deconvolution-dcb151388b	2695	reference=Allen_Cortex_scRNA_SeuratV5_Reference_RDS;labels=provided_tsv;compute_tier=gpu
10x_PBMC_10k_scRNA	scRNA-seq	qc+cluster	scanpy-standard	scanpy=1.10.3;anndata=0.11.4;numpy=1.26.4;scipy=1.11.4;pandas=2.2.2;scikit-learn=1.4.2	1	n_cells_after_qc	11043				all	20260208T083951Z-scrna_baseline-b2465f8056	11043	seed=0
10x_PBMC_10k_scRNA	scRNA-seq	qc+cluster	scanpy-standard	scanpy=1.10.3;anndata=0.11.4;numpy=1.26.4;scipy=1.11.4;pandas=2.2.2;scikit-learn=1.4.2	1	median_total_counts	6730.0				all	20260208T083951Z-scrna_baseline-b2465f8056	11043	seed=0
10x_PBMC_10k_scRNA	scRNA-seq	qc+cluster	scanpy-standard	scanpy=1.10.3;anndata=0.11.4;numpy=1.26.4;scipy=1.11.4;pandas=2.2.2;scikit-learn=1.4.2	1	median_n_genes_by_counts	1951.0				all	20260208T083951Z-scrna_baseline-b2465f8056	11043	seed=0
10x_PBMC_10k_scRNA	scRNA-seq	qc+cluster	scanpy-standard	scanpy=1.10.3;anndata=0.11.4;numpy=1.26.4;scipy=1.11.4;pandas=2.2.2;scikit-learn=1.4.2	1	median_pct_counts_mt	8.964728935336382				all	20260208T083951Z-scrna_baseline-b2465f8056	11043	seed=0
10x_PBMC_10k_scRNA	scRNA-seq	qc+cluster	scanpy-standard	scanpy=1.10.3;anndata=0.11.4;numpy=1.26.4;scipy=1.11.4;pandas=2.2.2;scikit-learn=1.4.2	1	n_clusters	19				all	20260208T083951Z-scrna_baseline-b2465f8056	11043	seed=0
10x_PBMC_10k_scRNA	scRNA-seq	annotation	celltypist	celltypist=1.7.1	0	n_cell_types_pred	18				all	20260208T083951Z-scrna_baseline-b2465f8056	11043	model=Immune_All_Low.pkl;majority_voting=TRUE (PBMC-style default)
Mouse_Brain_Visium_10x	Visium	visium_qc+cluster	scanpy-visium-baseline	scanpy=1.10.3;anndata=0.11.4;numpy=1.26.4;scipy=1.11.4;pandas=2.2.2;scikit-learn=1.4.2	1	n_spots_total	2695				in_tissue	20260208T084331Z-visium_baseline-4587616f92	2695	neighbors=6 on array coords; leiden_res=0.5
Mouse_Brain_Visium_10x	Visium	visium_qc+cluster	scanpy-visium-baseline	scanpy=1.10.3;anndata=0.11.4;numpy=1.26.4;scipy=1.11.4;pandas=2.2.2;scikit-learn=1.4.2	1	n_spots_in_tissue	2695				in_tissue	20260208T084331Z-visium_baseline-4587616f92	2695	neighbors=6 on array coords; leiden_res=0.5
Mouse_Brain_Visium_10x	Visium	visium_qc+cluster	scanpy-visium-baseline	scanpy=1.10.3;anndata=0.11.4;numpy=1.26.4;scipy=1.11.4;pandas=2.2.2;scikit-learn=1.4.2	1	median_total_counts	25888.0				in_tissue	20260208T084331Z-visium_baseline-4587616f92	2695	neighbors=6 on array coords; leiden_res=0.5
Mouse_Brain_Visium_10x	Visium	visium_qc+cluster	scanpy-visium-baseline	scanpy=1.10.3;anndata=0.11.4;numpy=1.26.4;scipy=1.11.4;pandas=2.2.2;scikit-learn=1.4.2	1	median_n_genes_by_counts	6228.0				in_tissue	20260208T084331Z-visium_baseline-4587616f92	2695	neighbors=6 on array coords; leiden_res=0.5
Mouse_Brain_Visium_10x	Visium	visium_qc+cluster	scanpy-visium-baseline	scanpy=1.10.3;anndata=0.11.4;numpy=1.26.4;scipy=1.11.4;pandas=2.2.2;scikit-learn=1.4.2	1	median_pct_counts_mt	13.253234069214608				in_tissue	20260208T084331Z-visium_baseline-4587616f92	2695	neighbors=6 on array coords; leiden_res=0.5
Mouse_Brain_Visium_10x	Visium	visium_qc+cluster	scanpy-visium-baseline	scanpy=1.10.3;anndata=0.11.4;numpy=1.26.4;scipy=1.11.4;pandas=2.2.2;scikit-learn=1.4.2	1	n_clusters	15				in_tissue	20260208T084331Z-visium_baseline-4587616f92	2695	neighbors=6 on array coords; leiden_res=0.5
10x_PBMC3K_PBMC10K_V3_INTEGRATION_PAIR_S3	scRNA-seq	integration	scanpy-standard	scanpy=1.10.3;anndata=0.11.4;numpy=1.26.4;scipy=1.11.4;pandas=2.2.2;scikit-learn=1.4.2	1	batch_mixing_nn_frac_mean	0.0021816963419483935				all	20260208T092934Z-scrna_advanced-381128bee2	13742	qc_min_genes=200;qc_max_pct_mt=20.0;hvg=2000;scvi_latent=30;scvi_epochs=50;compute_tier=gpu
10x_PBMC3K_PBMC10K_V3_INTEGRATION_PAIR_S3	scRNA-seq	integration	scanpy-standard	scanpy=1.10.3;anndata=0.11.4;numpy=1.26.4;scipy=1.11.4;pandas=2.2.2;scikit-learn=1.4.2	1	label_purity_nn_frac_mean	0.8148879800649449				all	20260208T092934Z-scrna_advanced-381128bee2	13742	proxy using pinned CellTypist labels (no tuning on target)
10x_PBMC3K_PBMC10K_V3_INTEGRATION_PAIR_S3	scRNA-seq	integration	harmony	harmonypy=0.0.10	0	batch_mixing_nn_frac_mean	0.12742081707172614				all	20260208T092934Z-scrna_advanced-381128bee2	13742	qc_min_genes=200;qc_max_pct_mt=20.0;hvg=2000;scvi_latent=30;scvi_epochs=50;compute_tier=gpu
10x_PBMC3K_PBMC10K_V3_INTEGRATION_PAIR_S3	scRNA-seq	integration	harmony	harmonypy=0.0.10	0	label_purity_nn_frac_mean	0.7811334540382551				all	20260208T092934Z-scrna_advanced-381128bee2	13742	proxy using pinned CellTypist labels (no tuning on target)
10x_PBMC3K_PBMC10K_V3_INTEGRATION_PAIR_S3	scRNA-seq	integration	harmony	harmonypy=0.0.10	0	ari_clusters_vs_baseline	0.8047778402483561				all	20260208T092934Z-scrna_advanced-381128bee2	13742	ARI between baseline and harmony clusters
10x_PBMC3K_PBMC10K_V3_INTEGRATION_PAIR_S3	scRNA-seq	integration	scvi	scvi-tools=1.1.3;torch=2.2.2+cu121	0	batch_mixing_nn_frac_mean	0.0914063348096721				all	20260208T092934Z-scrna_advanced-381128bee2	13742	qc_min_genes=200;qc_max_pct_mt=20.0;hvg=2000;scvi_latent=30;scvi_epochs=50;compute_tier=gpu
10x_PBMC3K_PBMC10K_V3_INTEGRATION_PAIR_S3	scRNA-seq	integration	scvi	scvi-tools=1.1.3;torch=2.2.2+cu121	0	label_purity_nn_frac_mean	0.7915229142089659				all	20260208T092934Z-scrna_advanced-381128bee2	13742	proxy using pinned CellTypist labels (no tuning on target)
10x_PBMC3K_PBMC10K_V3_INTEGRATION_PAIR_S3	scRNA-seq	integration	scvi	scvi-tools=1.1.3;torch=2.2.2+cu121	0	ari_clusters_vs_harmony	0.7759369289355558				all	20260208T092934Z-scrna_advanced-381128bee2	13742	ARI between scVI clusters and harmony clusters
10x_PBMC3K_PBMC10K_V3_INTEGRATION_PAIR_S3	scRNA-seq	integration	scanpy-standard	scanpy=1.10.3;anndata=0.11.4;numpy=1.26.4;scipy=1.11.4;pandas=2.2.2;scikit-learn=1.4.2	1	batch_mixing_nn_frac_mean	0.0021816963419483935				all	20260208T094800Z-scrna_advanced-4f69742c40	13742	qc_min_genes=200;qc_max_pct_mt=20.0;hvg=2000;scvi_latent=30;scvi_epochs=50;compute_tier=gpu
10x_PBMC3K_PBMC10K_V3_INTEGRATION_PAIR_S3	scRNA-seq	integration	scanpy-standard	scanpy=1.10.3;anndata=0.11.4;numpy=1.26.4;scipy=1.11.4;pandas=2.2.2;scikit-learn=1.4.2	1	label_purity_nn_frac_mean	0.8148879800649449				all	20260208T094800Z-scrna_advanced-4f69742c40	13742	proxy using pinned CellTypist labels (no tuning on target)
10x_PBMC3K_PBMC10K_V3_INTEGRATION_PAIR_S3	scRNA-seq	integration	harmony	harmonypy=0.0.10	0	batch_mixing_nn_frac_mean	0.12742081707172614				all	20260208T094800Z-scrna_advanced-4f69742c40	13742	qc_min_genes=200;qc_max_pct_mt=20.0;hvg=2000;scvi_latent=30;scvi_epochs=50;compute_tier=gpu
10x_PBMC3K_PBMC10K_V3_INTEGRATION_PAIR_S3	scRNA-seq	integration	harmony	harmonypy=0.0.10	0	label_purity_nn_frac_mean	0.7811334540382551				all	20260208T094800Z-scrna_advanced-4f69742c40	13742	proxy using pinned CellTypist labels (no tuning on target)
10x_PBMC3K_PBMC10K_V3_INTEGRATION_PAIR_S3	scRNA-seq	integration	harmony	harmonypy=0.0.10	0	ari_clusters_vs_baseline	0.8038486187532278				all	20260208T094800Z-scrna_advanced-4f69742c40	13742	ARI between baseline and harmony clusters
10x_PBMC3K_PBMC10K_V3_INTEGRATION_PAIR_S3	scRNA-seq	integration	scvi	scvi-tools=1.1.3;torch=2.2.2+cu121	0	batch_mixing_nn_frac_mean	0.0914063348096721				all	20260208T094800Z-scrna_advanced-4f69742c40	13742	qc_min_genes=200;qc_max_pct_mt=20.0;hvg=2000;scvi_latent=30;scvi_epochs=50;compute_tier=gpu
10x_PBMC3K_PBMC10K_V3_INTEGRATION_PAIR_S3	scRNA-seq	integration	scvi	scvi-tools=1.1.3;torch=2.2.2+cu121	0	label_purity_nn_frac_mean	0.7915229142089659				all	20260208T094800Z-scrna_advanced-4f69742c40	13742	proxy using pinned CellTypist labels (no tuning on target)
10x_PBMC3K_PBMC10K_V3_INTEGRATION_PAIR_S3	scRNA-seq	integration	scvi	scvi-tools=1.1.3;torch=2.2.2+cu121	0	ari_clusters_vs_harmony	0.775299817418689				all	20260208T094800Z-scrna_advanced-4f69742c40	13742	ARI between scVI clusters and harmony clusters
Mouse_Brain_Visium_10x	Visium	visium_deconvolution	rctd	2.2.1	1	n_cell_types	22				in_tissue	20260208T095438Z-visium_deconvolution-a902009748	2695	reference=Allen_Cortex_scRNA_SeuratV5_Reference_RDS;labels=provided_tsv
Mouse_Brain_Visium_10x	Visium	visium_deconvolution	tangram	1.0.4	0	n_cell_types	23				in_tissue	20260208T095438Z-visium_deconvolution-a902009748	2695	reference=Allen_Cortex_scRNA_SeuratV5_Reference_RDS;labels=provided_tsv;compute_tier=gpu
Mouse_Brain_Visium_10x	Visium	visium_deconvolution	cell2location	0.1.4	0	n_cell_types	22				in_tissue	20260208T095438Z-visium_deconvolution-a902009748	2695	reference=Allen_Cortex_scRNA_SeuratV5_Reference_RDS;labels=provided_tsv;compute_tier=gpu
Mouse_Brain_Visium_10x	Visium	visium_deconvolution	rctd	2.2.1	1	gene_overlap	19641				in_tissue	20260208T095438Z-visium_deconvolution-a902009748	2695	reference=Allen_Cortex_scRNA_SeuratV5_Reference_RDS;labels=provided_tsv
Mouse_Brain_Visium_10x	Visium	visium_deconvolution	tangram	1.0.4	0	gene_overlap	2000				in_tissue	20260208T095438Z-visium_deconvolution-a902009748	2695	reference=Allen_Cortex_scRNA_SeuratV5_Reference_RDS;labels=provided_tsv;compute_tier=gpu
Mouse_Brain_Visium_10x	Visium	visium_deconvolution	cell2location	0.1.4	0	gene_overlap	16717				in_tissue	20260208T095438Z-visium_deconvolution-a902009748	2695	reference=Allen_Cortex_scRNA_SeuratV5_Reference_RDS;labels=provided_tsv;compute_tier=gpu
Mouse_Brain_Visium_10x	Visium	visium_deconvolution	rctd	2.2.1	1	mean_entropy	1.9859				in_tissue	20260208T095438Z-visium_deconvolution-a902009748	2695	reference=Allen_Cortex_scRNA_SeuratV5_Reference_RDS;labels=provided_tsv
Mouse_Brain_Visium_10x	Visium	visium_deconvolution	tangram	1.0.4	0	mean_entropy	2.4109076862512326				in_tissue	20260208T095438Z-visium_deconvolution-a902009748	2695	reference=Allen_Cortex_scRNA_SeuratV5_Reference_RDS;labels=provided_tsv;compute_tier=gpu
Mouse_Brain_Visium_10x	Visium	visium_deconvolution	cell2location	0.1.4	0	mean_entropy	3.0908286571502686				in_tissue	20260208T095438Z-visium_deconvolution-a902009748	2695	reference=Allen_Cortex_scRNA_SeuratV5_Reference_RDS;labels=provided_tsv;compute_tier=gpu
Mouse_Brain_Visium_10x	Visium	visium_deconvolution	rctd	2.2.1	1	mean_max_weight	0.3611				in_tissue	20260208T095438Z-visium_deconvolution-a902009748	2695	reference=Allen_Cortex_scRNA_SeuratV5_Reference_RDS;labels=provided_tsv
Mouse_Brain_Visium_10x	Visium	visium_deconvolution	tangram	1.0.4	0	mean_max_weight	0.23586072112821807				in_tissue	20260208T095438Z-visium_deconvolution-a902009748	2695	reference=Allen_Cortex_scRNA_SeuratV5_Reference_RDS;labels=provided_tsv;compute_tier=gpu
Mouse_Brain_Visium_10x	Visium	visium_deconvolution	cell2location	0.1.4	0	mean_max_weight	0.04732504487037659				in_tissue	20260208T095438Z-visium_deconvolution-a902009748	2695	reference=Allen_Cortex_scRNA_SeuratV5_Reference_RDS;labels=provided_tsv;compute_tier=gpu
10x_PBMC_3k_scRNA_2016_S3	scRNA-seq	qc+cluster	scanpy-standard	scanpy=1.10.3;anndata=0.11.4;numpy=1.26.4;scipy=1.11.4;pandas=2.2.2;scikit-learn=1.4.2	1	n_cells_after_qc	2699				all	20260209T122217Z-scrna_baseline-9479dae77e	2699	seed=0
10x_PBMC_3k_scRNA_2016_S3	scRNA-seq	qc+cluster	scanpy-standard	scanpy=1.10.3;anndata=0.11.4;numpy=1.26.4;scipy=1.11.4;pandas=2.2.2;scikit-learn=1.4.2	1	median_total_counts	2197.0				all	20260209T122217Z-scrna_baseline-9479dae77e	2699	seed=0
10x_PBMC_3k_scRNA_2016_S3	scRNA-seq	qc+cluster	scanpy-standard	scanpy=1.10.3;anndata=0.11.4;numpy=1.26.4;scipy=1.11.4;pandas=2.2.2;scikit-learn=1.4.2	1	median_n_genes_by_counts	817.0				all	20260209T122217Z-scrna_baseline-9479dae77e	2699	seed=0
10x_PBMC_3k_scRNA_2016_S3	scRNA-seq	qc+cluster	scanpy-standard	scanpy=1.10.3;anndata=0.11.4;numpy=1.26.4;scipy=1.11.4;pandas=2.2.2;scikit-learn=1.4.2	1	median_pct_counts_mt	2.029312288613303				all	20260209T122217Z-scrna_baseline-9479dae77e	2699	seed=0
10x_PBMC_3k_scRNA_2016_S3	scRNA-seq	qc+cluster	scanpy-standard	scanpy=1.10.3;anndata=0.11.4;numpy=1.26.4;scipy=1.11.4;pandas=2.2.2;scikit-learn=1.4.2	1	n_clusters	5				all	20260209T122217Z-scrna_baseline-9479dae77e	2699	seed=0
10x_PBMC_3k_scRNA_2016_S3	scRNA-seq	annotation	celltypist	celltypist=1.7.1	0	n_cell_types_pred	12				all	20260209T122217Z-scrna_baseline-9479dae77e	2699	model=Immune_All_Low.pkl;majority_voting=TRUE (PBMC-style default)
10x_PBMC_3k_scRNA_2016_S3	scRNA-seq	qc+cluster	scanpy-standard	scanpy=1.10.3;anndata=0.11.4;numpy=1.26.4;scipy=1.11.4;pandas=2.2.2;scikit-learn=1.4.2	1	n_cells_after_qc	2699				all	20260209T122553Z-scrna_baseline-84cd9bcf05	2699	seed=0
10x_PBMC_3k_scRNA_2016_S3	scRNA-seq	qc+cluster	scanpy-standard	scanpy=1.10.3;anndata=0.11.4;numpy=1.26.4;scipy=1.11.4;pandas=2.2.2;scikit-learn=1.4.2	1	median_total_counts	2197.0				all	20260209T122553Z-scrna_baseline-84cd9bcf05	2699	seed=0
10x_PBMC_3k_scRNA_2016_S3	scRNA-seq	qc+cluster	scanpy-standard	scanpy=1.10.3;anndata=0.11.4;numpy=1.26.4;scipy=1.11.4;pandas=2.2.2;scikit-learn=1.4.2	1	median_n_genes_by_counts	817.0				all	20260209T122553Z-scrna_baseline-84cd9bcf05	2699	seed=0
10x_PBMC_3k_scRNA_2016_S3	scRNA-seq	qc+cluster	scanpy-standard	scanpy=1.10.3;anndata=0.11.4;numpy=1.26.4;scipy=1.11.4;pandas=2.2.2;scikit-learn=1.4.2	1	median_pct_counts_mt	2.029312288613303				all	20260209T122553Z-scrna_baseline-84cd9bcf05	2699	seed=0
10x_PBMC_3k_scRNA_2016_S3	scRNA-seq	qc+cluster	scanpy-standard	scanpy=1.10.3;anndata=0.11.4;numpy=1.26.4;scipy=1.11.4;pandas=2.2.2;scikit-learn=1.4.2	1	n_clusters	5				all	20260209T122553Z-scrna_baseline-84cd9bcf05	2699	seed=0
10x_PBMC_3k_scRNA_2016_S3	scRNA-seq	annotation	celltypist	celltypist=1.7.1	0	n_cell_types_pred	12				all	20260209T122553Z-scrna_baseline-84cd9bcf05	2699	model=Immune_All_Low.pkl;majority_voting=TRUE (PBMC-style default)
10x_PBMC_3k_scRNA_2016_S3	scRNA-seq	qc+cluster	scanpy-standard	scanpy=1.10.3;anndata=0.11.4;numpy=1.26.4;scipy=1.11.4;pandas=2.2.2;scikit-learn=1.4.2	1	n_cells_after_qc	2699				all	20260209T122648Z-scrna_baseline-a983be208c	2699	seed=0
10x_PBMC_3k_scRNA_2016_S3	scRNA-seq	qc+cluster	scanpy-standard	scanpy=1.10.3;anndata=0.11.4;numpy=1.26.4;scipy=1.11.4;pandas=2.2.2;scikit-learn=1.4.2	1	median_total_counts	2197.0				all	20260209T122648Z-scrna_baseline-a983be208c	2699	seed=0
10x_PBMC_3k_scRNA_2016_S3	scRNA-seq	qc+cluster	scanpy-standard	scanpy=1.10.3;anndata=0.11.4;numpy=1.26.4;scipy=1.11.4;pandas=2.2.2;scikit-learn=1.4.2	1	median_n_genes_by_counts	817.0				all	20260209T122648Z-scrna_baseline-a983be208c	2699	seed=0
10x_PBMC_3k_scRNA_2016_S3	scRNA-seq	qc+cluster	scanpy-standard	scanpy=1.10.3;anndata=0.11.4;numpy=1.26.4;scipy=1.11.4;pandas=2.2.2;scikit-learn=1.4.2	1	median_pct_counts_mt	2.029312288613303				all	20260209T122648Z-scrna_baseline-a983be208c	2699	seed=0
10x_PBMC_3k_scRNA_2016_S3	scRNA-seq	qc+cluster	scanpy-standard	scanpy=1.10.3;anndata=0.11.4;numpy=1.26.4;scipy=1.11.4;pandas=2.2.2;scikit-learn=1.4.2	1	n_clusters	5				all	20260209T122648Z-scrna_baseline-a983be208c	2699	seed=0
10x_PBMC_3k_scRNA_2016_S3	scRNA-seq	annotation	celltypist	celltypist=1.7.1	0	n_cell_types_pred	12				all	20260209T122648Z-scrna_baseline-a983be208c	2699	model=Immune_All_Low.pkl;majority_voting=TRUE (PBMC-style default)
10x_PBMC_3k_scRNA_2016_S3	scRNA-seq	qc+cluster	scanpy-standard	scanpy=1.10.3;anndata=0.11.4;numpy=1.26.4;scipy=1.11.4;pandas=2.2.2;scikit-learn=1.4.2	1	n_cells_after_qc	2699				all	20260209T122743Z-scrna_baseline-92893a21ff	2699	seed=1
10x_PBMC_3k_scRNA_2016_S3	scRNA-seq	qc+cluster	scanpy-standard	scanpy=1.10.3;anndata=0.11.4;numpy=1.26.4;scipy=1.11.4;pandas=2.2.2;scikit-learn=1.4.2	1	median_total_counts	2197.0				all	20260209T122743Z-scrna_baseline-92893a21ff	2699	seed=1
10x_PBMC_3k_scRNA_2016_S3	scRNA-seq	qc+cluster	scanpy-standard	scanpy=1.10.3;anndata=0.11.4;numpy=1.26.4;scipy=1.11.4;pandas=2.2.2;scikit-learn=1.4.2	1	median_n_genes_by_counts	817.0				all	20260209T122743Z-scrna_baseline-92893a21ff	2699	seed=1
10x_PBMC_3k_scRNA_2016_S3	scRNA-seq	qc+cluster	scanpy-standard	scanpy=1.10.3;anndata=0.11.4;numpy=1.26.4;scipy=1.11.4;pandas=2.2.2;scikit-learn=1.4.2	1	median_pct_counts_mt	2.029312288613303				all	20260209T122743Z-scrna_baseline-92893a21ff	2699	seed=1
10x_PBMC_3k_scRNA_2016_S3	scRNA-seq	qc+cluster	scanpy-standard	scanpy=1.10.3;anndata=0.11.4;numpy=1.26.4;scipy=1.11.4;pandas=2.2.2;scikit-learn=1.4.2	1	n_clusters	5				all	20260209T122743Z-scrna_baseline-92893a21ff	2699	seed=1
10x_PBMC_3k_scRNA_2016_S3	scRNA-seq	annotation	celltypist	celltypist=1.7.1	0	n_cell_types_pred	12				all	20260209T122743Z-scrna_baseline-92893a21ff	2699	model=Immune_All_Low.pkl;majority_voting=TRUE (PBMC-style default)
10x_PBMC_3k_scRNA_2016_S3	scRNA-seq	qc+cluster	scanpy-standard	scanpy=1.10.3;anndata=0.11.4;numpy=1.26.4;scipy=1.11.4;pandas=2.2.2;scikit-learn=1.4.2	1	n_cells_after_qc	2699				all	20260209T122840Z-scrna_baseline-2dbdde7111	2699	seed=1
10x_PBMC_3k_scRNA_2016_S3	scRNA-seq	qc+cluster	scanpy-standard	scanpy=1.10.3;anndata=0.11.4;numpy=1.26.4;scipy=1.11.4;pandas=2.2.2;scikit-learn=1.4.2	1	median_total_counts	2197.0				all	20260209T122840Z-scrna_baseline-2dbdde7111	2699	seed=1
10x_PBMC_3k_scRNA_2016_S3	scRNA-seq	qc+cluster	scanpy-standard	scanpy=1.10.3;anndata=0.11.4;numpy=1.26.4;scipy=1.11.4;pandas=2.2.2;scikit-learn=1.4.2	1	median_n_genes_by_counts	817.0				all	20260209T122840Z-scrna_baseline-2dbdde7111	2699	seed=1
10x_PBMC_3k_scRNA_2016_S3	scRNA-seq	qc+cluster	scanpy-standard	scanpy=1.10.3;anndata=0.11.4;numpy=1.26.4;scipy=1.11.4;pandas=2.2.2;scikit-learn=1.4.2	1	median_pct_counts_mt	2.029312288613303				all	20260209T122840Z-scrna_baseline-2dbdde7111	2699	seed=1
10x_PBMC_3k_scRNA_2016_S3	scRNA-seq	qc+cluster	scanpy-standard	scanpy=1.10.3;anndata=0.11.4;numpy=1.26.4;scipy=1.11.4;pandas=2.2.2;scikit-learn=1.4.2	1	n_clusters	5				all	20260209T122840Z-scrna_baseline-2dbdde7111	2699	seed=1
10x_PBMC_3k_scRNA_2016_S3	scRNA-seq	annotation	celltypist	celltypist=1.7.1	0	n_cell_types_pred	12				all	20260209T122840Z-scrna_baseline-2dbdde7111	2699	model=Immune_All_Low.pkl;majority_voting=TRUE (PBMC-style default)
10x_PBMC_3k_scRNA_2016_S3	scRNA-seq	qc+cluster	scanpy-standard	scanpy=1.10.3;anndata=0.11.4;numpy=1.26.4;scipy=1.11.4;pandas=2.2.2;scikit-learn=1.4.2	1	n_cells_after_qc	2699				all	20260209T122935Z-scrna_baseline-c9cfdebbc1	2699	seed=2
10x_PBMC_3k_scRNA_2016_S3	scRNA-seq	qc+cluster	scanpy-standard	scanpy=1.10.3;anndata=0.11.4;numpy=1.26.4;scipy=1.11.4;pandas=2.2.2;scikit-learn=1.4.2	1	median_total_counts	2197.0				all	20260209T122935Z-scrna_baseline-c9cfdebbc1	2699	seed=2
10x_PBMC_3k_scRNA_2016_S3	scRNA-seq	qc+cluster	scanpy-standard	scanpy=1.10.3;anndata=0.11.4;numpy=1.26.4;scipy=1.11.4;pandas=2.2.2;scikit-learn=1.4.2	1	median_n_genes_by_counts	817.0				all	20260209T122935Z-scrna_baseline-c9cfdebbc1	2699	seed=2
10x_PBMC_3k_scRNA_2016_S3	scRNA-seq	qc+cluster	scanpy-standard	scanpy=1.10.3;anndata=0.11.4;numpy=1.26.4;scipy=1.11.4;pandas=2.2.2;scikit-learn=1.4.2	1	median_pct_counts_mt	2.029312288613303				all	20260209T122935Z-scrna_baseline-c9cfdebbc1	2699	seed=2
10x_PBMC_3k_scRNA_2016_S3	scRNA-seq	qc+cluster	scanpy-standard	scanpy=1.10.3;anndata=0.11.4;numpy=1.26.4;scipy=1.11.4;pandas=2.2.2;scikit-learn=1.4.2	1	n_clusters	6				all	20260209T122935Z-scrna_baseline-c9cfdebbc1	2699	seed=2
10x_PBMC_3k_scRNA_2016_S3	scRNA-seq	annotation	celltypist	celltypist=1.7.1	0	n_cell_types_pred	12				all	20260209T122935Z-scrna_baseline-c9cfdebbc1	2699	model=Immune_All_Low.pkl;majority_voting=TRUE (PBMC-style default)
10x_PBMC_3k_scRNA_2016_S3	scRNA-seq	qc+cluster	scanpy-standard	scanpy=1.10.3;anndata=0.11.4;numpy=1.26.4;scipy=1.11.4;pandas=2.2.2;scikit-learn=1.4.2	1	n_cells_after_qc	2699				all	20260209T123032Z-scrna_baseline-484c55c3cd	2699	seed=2
10x_PBMC_3k_scRNA_2016_S3	scRNA-seq	qc+cluster	scanpy-standard	scanpy=1.10.3;anndata=0.11.4;numpy=1.26.4;scipy=1.11.4;pandas=2.2.2;scikit-learn=1.4.2	1	median_total_counts	2197.0				all	20260209T123032Z-scrna_baseline-484c55c3cd	2699	seed=2
10x_PBMC_3k_scRNA_2016_S3	scRNA-seq	qc+cluster	scanpy-standard	scanpy=1.10.3;anndata=0.11.4;numpy=1.26.4;scipy=1.11.4;pandas=2.2.2;scikit-learn=1.4.2	1	median_n_genes_by_counts	817.0				all	20260209T123032Z-scrna_baseline-484c55c3cd	2699	seed=2
10x_PBMC_3k_scRNA_2016_S3	scRNA-seq	qc+cluster	scanpy-standard	scanpy=1.10.3;anndata=0.11.4;numpy=1.26.4;scipy=1.11.4;pandas=2.2.2;scikit-learn=1.4.2	1	median_pct_counts_mt	2.029312288613303				all	20260209T123032Z-scrna_baseline-484c55c3cd	2699	seed=2
10x_PBMC_3k_scRNA_2016_S3	scRNA-seq	qc+cluster	scanpy-standard	scanpy=1.10.3;anndata=0.11.4;numpy=1.26.4;scipy=1.11.4;pandas=2.2.2;scikit-learn=1.4.2	1	n_clusters	6				all	20260209T123032Z-scrna_baseline-484c55c3cd	2699	seed=2
10x_PBMC_3k_scRNA_2016_S3	scRNA-seq	annotation	celltypist	celltypist=1.7.1	0	n_cell_types_pred	12				all	20260209T123032Z-scrna_baseline-484c55c3cd	2699	model=Immune_All_Low.pkl;majority_voting=TRUE (PBMC-style default)
10x_PBMC_3k_scRNA_2016_S3	scRNA-seq	qc+cluster	scanpy-standard	scanpy=1.10.3;anndata=0.11.4;numpy=1.26.4;scipy=1.11.4;pandas=2.2.2;scikit-learn=1.4.2	1	n_cells_after_qc	2699				all	20260209T123127Z-scrna_baseline-f6cee8528a	2699	seed=3
10x_PBMC_3k_scRNA_2016_S3	scRNA-seq	qc+cluster	scanpy-standard	scanpy=1.10.3;anndata=0.11.4;numpy=1.26.4;scipy=1.11.4;pandas=2.2.2;scikit-learn=1.4.2	1	median_total_counts	2197.0				all	20260209T123127Z-scrna_baseline-f6cee8528a	2699	seed=3
10x_PBMC_3k_scRNA_2016_S3	scRNA-seq	qc+cluster	scanpy-standard	scanpy=1.10.3;anndata=0.11.4;numpy=1.26.4;scipy=1.11.4;pandas=2.2.2;scikit-learn=1.4.2	1	median_n_genes_by_counts	817.0				all	20260209T123127Z-scrna_baseline-f6cee8528a	2699	seed=3
10x_PBMC_3k_scRNA_2016_S3	scRNA-seq	qc+cluster	scanpy-standard	scanpy=1.10.3;anndata=0.11.4;numpy=1.26.4;scipy=1.11.4;pandas=2.2.2;scikit-learn=1.4.2	1	median_pct_counts_mt	2.029312288613303				all	20260209T123127Z-scrna_baseline-f6cee8528a	2699	seed=3
10x_PBMC_3k_scRNA_2016_S3	scRNA-seq	qc+cluster	scanpy-standard	scanpy=1.10.3;anndata=0.11.4;numpy=1.26.4;scipy=1.11.4;pandas=2.2.2;scikit-learn=1.4.2	1	n_clusters	6				all	20260209T123127Z-scrna_baseline-f6cee8528a	2699	seed=3
10x_PBMC_3k_scRNA_2016_S3	scRNA-seq	annotation	celltypist	celltypist=1.7.1	0	n_cell_types_pred	12				all	20260209T123127Z-scrna_baseline-f6cee8528a	2699	model=Immune_All_Low.pkl;majority_voting=TRUE (PBMC-style default)
10x_PBMC_3k_scRNA_2016_S3	scRNA-seq	qc+cluster	scanpy-standard	scanpy=1.10.3;anndata=0.11.4;numpy=1.26.4;scipy=1.11.4;pandas=2.2.2;scikit-learn=1.4.2	1	n_cells_after_qc	2699				all	20260209T125251Z-scrna_baseline-b8ecfb5a40	2699	seed=0
10x_PBMC_3k_scRNA_2016_S3	scRNA-seq	qc+cluster	scanpy-standard	scanpy=1.10.3;anndata=0.11.4;numpy=1.26.4;scipy=1.11.4;pandas=2.2.2;scikit-learn=1.4.2	1	median_total_counts	2197.0				all	20260209T125251Z-scrna_baseline-b8ecfb5a40	2699	seed=0
10x_PBMC_3k_scRNA_2016_S3	scRNA-seq	qc+cluster	scanpy-standard	scanpy=1.10.3;anndata=0.11.4;numpy=1.26.4;scipy=1.11.4;pandas=2.2.2;scikit-learn=1.4.2	1	median_n_genes_by_counts	817.0				all	20260209T125251Z-scrna_baseline-b8ecfb5a40	2699	seed=0
10x_PBMC_3k_scRNA_2016_S3	scRNA-seq	qc+cluster	scanpy-standard	scanpy=1.10.3;anndata=0.11.4;numpy=1.26.4;scipy=1.11.4;pandas=2.2.2;scikit-learn=1.4.2	1	median_pct_counts_mt	2.029312288613303				all	20260209T125251Z-scrna_baseline-b8ecfb5a40	2699	seed=0
10x_PBMC_3k_scRNA_2016_S3	scRNA-seq	qc+cluster	scanpy-standard	scanpy=1.10.3;anndata=0.11.4;numpy=1.26.4;scipy=1.11.4;pandas=2.2.2;scikit-learn=1.4.2	1	n_clusters	5				all	20260209T125251Z-scrna_baseline-b8ecfb5a40	2699	seed=0
10x_PBMC_3k_scRNA_2016_S3	scRNA-seq	annotation	celltypist	celltypist=1.7.1	0	n_cell_types_pred	12				all	20260209T125251Z-scrna_baseline-b8ecfb5a40	2699	model=Immune_All_Low.pkl;majority_voting=TRUE (PBMC-style default)
10x_PBMC_3k_scRNA_2016_S3	scRNA-seq	qc+cluster	scanpy-standard	scanpy=1.10.3;anndata=0.11.4;numpy=1.26.4;scipy=1.11.4;pandas=2.2.2;scikit-learn=1.4.2	1	n_cells_after_qc	2699				all	20260209T125438Z-scrna_baseline-1018e18b4b	2699	seed=1
10x_PBMC_3k_scRNA_2016_S3	scRNA-seq	qc+cluster	scanpy-standard	scanpy=1.10.3;anndata=0.11.4;numpy=1.26.4;scipy=1.11.4;pandas=2.2.2;scikit-learn=1.4.2	1	median_total_counts	2197.0				all	20260209T125438Z-scrna_baseline-1018e18b4b	2699	seed=1
10x_PBMC_3k_scRNA_2016_S3	scRNA-seq	qc+cluster	scanpy-standard	scanpy=1.10.3;anndata=0.11.4;numpy=1.26.4;scipy=1.11.4;pandas=2.2.2;scikit-learn=1.4.2	1	median_n_genes_by_counts	817.0				all	20260209T125438Z-scrna_baseline-1018e18b4b	2699	seed=1
10x_PBMC_3k_scRNA_2016_S3	scRNA-seq	qc+cluster	scanpy-standard	scanpy=1.10.3;anndata=0.11.4;numpy=1.26.4;scipy=1.11.4;pandas=2.2.2;scikit-learn=1.4.2	1	median_pct_counts_mt	2.029312288613303				all	20260209T125438Z-scrna_baseline-1018e18b4b	2699	seed=1
10x_PBMC_3k_scRNA_2016_S3	scRNA-seq	qc+cluster	scanpy-standard	scanpy=1.10.3;anndata=0.11.4;numpy=1.26.4;scipy=1.11.4;pandas=2.2.2;scikit-learn=1.4.2	1	n_clusters	5				all	20260209T125438Z-scrna_baseline-1018e18b4b	2699	seed=1
10x_PBMC_3k_scRNA_2016_S3	scRNA-seq	annotation	celltypist	celltypist=1.7.1	0	n_cell_types_pred	12				all	20260209T125438Z-scrna_baseline-1018e18b4b	2699	model=Immune_All_Low.pkl;majority_voting=TRUE (PBMC-style default)
10x_PBMC_3k_scRNA_2016_S3	scRNA-seq	qc+cluster	scanpy-standard	scanpy=1.10.3;anndata=0.11.4;numpy=1.26.4;scipy=1.11.4;pandas=2.2.2;scikit-learn=1.4.2	1	n_cells_after_qc	2699				all	20260209T125625Z-scrna_baseline-97fa3f5d65	2699	seed=2
10x_PBMC_3k_scRNA_2016_S3	scRNA-seq	qc+cluster	scanpy-standard	scanpy=1.10.3;anndata=0.11.4;numpy=1.26.4;scipy=1.11.4;pandas=2.2.2;scikit-learn=1.4.2	1	median_total_counts	2197.0				all	20260209T125625Z-scrna_baseline-97fa3f5d65	2699	seed=2
10x_PBMC_3k_scRNA_2016_S3	scRNA-seq	qc+cluster	scanpy-standard	scanpy=1.10.3;anndata=0.11.4;numpy=1.26.4;scipy=1.11.4;pandas=2.2.2;scikit-learn=1.4.2	1	median_n_genes_by_counts	817.0				all	20260209T125625Z-scrna_baseline-97fa3f5d65	2699	seed=2
10x_PBMC_3k_scRNA_2016_S3	scRNA-seq	qc+cluster	scanpy-standard	scanpy=1.10.3;anndata=0.11.4;numpy=1.26.4;scipy=1.11.4;pandas=2.2.2;scikit-learn=1.4.2	1	median_pct_counts_mt	2.029312288613303				all	20260209T125625Z-scrna_baseline-97fa3f5d65	2699	seed=2
10x_PBMC_3k_scRNA_2016_S3	scRNA-seq	qc+cluster	scanpy-standard	scanpy=1.10.3;anndata=0.11.4;numpy=1.26.4;scipy=1.11.4;pandas=2.2.2;scikit-learn=1.4.2	1	n_clusters	6				all	20260209T125625Z-scrna_baseline-97fa3f5d65	2699	seed=2
10x_PBMC_3k_scRNA_2016_S3	scRNA-seq	annotation	celltypist	celltypist=1.7.1	0	n_cell_types_pred	12				all	20260209T125625Z-scrna_baseline-97fa3f5d65	2699	model=Immune_All_Low.pkl;majority_voting=TRUE (PBMC-style default)
10x_PBMC_3k_scRNA_2016_S3	scRNA-seq	qc+cluster	scanpy-standard	scanpy=1.10.3;anndata=0.11.4;numpy=1.26.4;scipy=1.11.4;pandas=2.2.2;scikit-learn=1.4.2	1	n_cells_after_qc	2699				all	20260209T125812Z-scrna_baseline-97e4e8ca7e	2699	seed=3
10x_PBMC_3k_scRNA_2016_S3	scRNA-seq	qc+cluster	scanpy-standard	scanpy=1.10.3;anndata=0.11.4;numpy=1.26.4;scipy=1.11.4;pandas=2.2.2;scikit-learn=1.4.2	1	median_total_counts	2197.0				all	20260209T125812Z-scrna_baseline-97e4e8ca7e	2699	seed=3
10x_PBMC_3k_scRNA_2016_S3	scRNA-seq	qc+cluster	scanpy-standard	scanpy=1.10.3;anndata=0.11.4;numpy=1.26.4;scipy=1.11.4;pandas=2.2.2;scikit-learn=1.4.2	1	median_n_genes_by_counts	817.0				all	20260209T125812Z-scrna_baseline-97e4e8ca7e	2699	seed=3
10x_PBMC_3k_scRNA_2016_S3	scRNA-seq	qc+cluster	scanpy-standard	scanpy=1.10.3;anndata=0.11.4;numpy=1.26.4;scipy=1.11.4;pandas=2.2.2;scikit-learn=1.4.2	1	median_pct_counts_mt	2.029312288613303				all	20260209T125812Z-scrna_baseline-97e4e8ca7e	2699	seed=3
10x_PBMC_3k_scRNA_2016_S3	scRNA-seq	qc+cluster	scanpy-standard	scanpy=1.10.3;anndata=0.11.4;numpy=1.26.4;scipy=1.11.4;pandas=2.2.2;scikit-learn=1.4.2	1	n_clusters	6				all	20260209T125812Z-scrna_baseline-97e4e8ca7e	2699	seed=3
10x_PBMC_3k_scRNA_2016_S3	scRNA-seq	annotation	celltypist	celltypist=1.7.1	0	n_cell_types_pred	12				all	20260209T125812Z-scrna_baseline-97e4e8ca7e	2699	model=Immune_All_Low.pkl;majority_voting=TRUE (PBMC-style default)
10x_PBMC_3k_scRNA_2016_S3	scRNA-seq	qc+cluster	scanpy-standard	scanpy=1.10.3;anndata=0.11.4;numpy=1.26.4;scipy=1.11.4;pandas=2.2.2;scikit-learn=1.4.2	1	n_cells_after_qc	2699				all	20260209T125959Z-scrna_baseline-bc04e17e4c	2699	seed=4
10x_PBMC_3k_scRNA_2016_S3	scRNA-seq	qc+cluster	scanpy-standard	scanpy=1.10.3;anndata=0.11.4;numpy=1.26.4;scipy=1.11.4;pandas=2.2.2;scikit-learn=1.4.2	1	median_total_counts	2197.0				all	20260209T125959Z-scrna_baseline-bc04e17e4c	2699	seed=4
10x_PBMC_3k_scRNA_2016_S3	scRNA-seq	qc+cluster	scanpy-standard	scanpy=1.10.3;anndata=0.11.4;numpy=1.26.4;scipy=1.11.4;pandas=2.2.2;scikit-learn=1.4.2	1	median_n_genes_by_counts	817.0				all	20260209T125959Z-scrna_baseline-bc04e17e4c	2699	seed=4
10x_PBMC_3k_scRNA_2016_S3	scRNA-seq	qc+cluster	scanpy-standard	scanpy=1.10.3;anndata=0.11.4;numpy=1.26.4;scipy=1.11.4;pandas=2.2.2;scikit-learn=1.4.2	1	median_pct_counts_mt	2.029312288613303				all	20260209T125959Z-scrna_baseline-bc04e17e4c	2699	seed=4
10x_PBMC_3k_scRNA_2016_S3	scRNA-seq	qc+cluster	scanpy-standard	scanpy=1.10.3;anndata=0.11.4;numpy=1.26.4;scipy=1.11.4;pandas=2.2.2;scikit-learn=1.4.2	1	n_clusters	6				all	20260209T125959Z-scrna_baseline-bc04e17e4c	2699	seed=4
10x_PBMC_3k_scRNA_2016_S3	scRNA-seq	annotation	celltypist	celltypist=1.7.1	0	n_cell_types_pred	12				all	20260209T125959Z-scrna_baseline-bc04e17e4c	2699	model=Immune_All_Low.pkl;majority_voting=TRUE (PBMC-style default)
10x_PBMC_3k_scRNA_2016_S3	scRNA-seq	qc+cluster	seurat-v5-standard	Seurat=5.4.0;SeuratObject=5.3.0;R=4.5.2	1	n_cells_after_qc	2698				all	20260209T130146Z-scrna_baseline-b63677ac38	2698	seed=1qc_min_features=200;qc_max_pct_mt=20;normalize=LogNormalize;hvg=vst(2000);nn=rann;cluster=leiden(res=0.5)
10x_PBMC_3k_scRNA_2016_S3	scRNA-seq	qc+cluster	seurat-v5-standard	Seurat=5.4.0;SeuratObject=5.3.0;R=4.5.2	1	median_total_counts	2196.5				all	20260209T130146Z-scrna_baseline-b63677ac38	2698	seed=1qc_min_features=200;qc_max_pct_mt=20;normalize=LogNormalize;hvg=vst(2000);nn=rann;cluster=leiden(res=0.5)
10x_PBMC_3k_scRNA_2016_S3	scRNA-seq	qc+cluster	seurat-v5-standard	Seurat=5.4.0;SeuratObject=5.3.0;R=4.5.2	1	median_n_genes_by_counts	816				all	20260209T130146Z-scrna_baseline-b63677ac38	2698	seed=1qc_min_features=200;qc_max_pct_mt=20;normalize=LogNormalize;hvg=vst(2000);nn=rann;cluster=leiden(res=0.5)
10x_PBMC_3k_scRNA_2016_S3	scRNA-seq	qc+cluster	seurat-v5-standard	Seurat=5.4.0;SeuratObject=5.3.0;R=4.5.2	1	median_pct_counts_mt	2.0301				all	20260209T130146Z-scrna_baseline-b63677ac38	2698	seed=1qc_min_features=200;qc_max_pct_mt=20;normalize=LogNormalize;hvg=vst(2000);nn=rann;cluster=leiden(res=0.5)
10x_PBMC_3k_scRNA_2016_S3	scRNA-seq	qc+cluster	seurat-v5-standard	Seurat=5.4.0;SeuratObject=5.3.0;R=4.5.2	1	n_clusters	5				all	20260209T130146Z-scrna_baseline-b63677ac38	2698	seed=1qc_min_features=200;qc_max_pct_mt=20;normalize=LogNormalize;hvg=vst(2000);nn=rann;cluster=leiden(res=0.5)
10x_PBMC_3k_scRNA_2016_S3	scRNA-seq	qc+cluster	seurat-v5-standard	Seurat=5.4.0;SeuratObject=5.3.0;R=4.5.2	1	n_cells_after_qc	2698				all	20260209T130248Z-scrna_baseline-df589f1da4	2698	seed=1qc_min_features=200;qc_max_pct_mt=20;normalize=LogNormalize;hvg=vst(2000);nn=rann;cluster=leiden(res=0.5)
10x_PBMC_3k_scRNA_2016_S3	scRNA-seq	qc+cluster	seurat-v5-standard	Seurat=5.4.0;SeuratObject=5.3.0;R=4.5.2	1	median_total_counts	2196.5				all	20260209T130248Z-scrna_baseline-df589f1da4	2698	seed=1qc_min_features=200;qc_max_pct_mt=20;normalize=LogNormalize;hvg=vst(2000);nn=rann;cluster=leiden(res=0.5)
10x_PBMC_3k_scRNA_2016_S3	scRNA-seq	qc+cluster	seurat-v5-standard	Seurat=5.4.0;SeuratObject=5.3.0;R=4.5.2	1	median_n_genes_by_counts	816				all	20260209T130248Z-scrna_baseline-df589f1da4	2698	seed=1qc_min_features=200;qc_max_pct_mt=20;normalize=LogNormalize;hvg=vst(2000);nn=rann;cluster=leiden(res=0.5)
10x_PBMC_3k_scRNA_2016_S3	scRNA-seq	qc+cluster	seurat-v5-standard	Seurat=5.4.0;SeuratObject=5.3.0;R=4.5.2	1	median_pct_counts_mt	2.0301				all	20260209T130248Z-scrna_baseline-df589f1da4	2698	seed=1qc_min_features=200;qc_max_pct_mt=20;normalize=LogNormalize;hvg=vst(2000);nn=rann;cluster=leiden(res=0.5)
10x_PBMC_3k_scRNA_2016_S3	scRNA-seq	qc+cluster	seurat-v5-standard	Seurat=5.4.0;SeuratObject=5.3.0;R=4.5.2	1	n_clusters	5				all	20260209T130248Z-scrna_baseline-df589f1da4	2698	seed=1qc_min_features=200;qc_max_pct_mt=20;normalize=LogNormalize;hvg=vst(2000);nn=rann;cluster=leiden(res=0.5)
10x_PBMC_3k_scRNA_2016_S3	scRNA-seq	qc+cluster	seurat-v5-standard	Seurat=5.4.0;SeuratObject=5.3.0;R=4.5.2	1	n_cells_after_qc	2698				all	20260209T130350Z-scrna_baseline-f8cfc20ec3	2698	seed=2qc_min_features=200;qc_max_pct_mt=20;normalize=LogNormalize;hvg=vst(2000);nn=rann;cluster=leiden(res=0.5)
10x_PBMC_3k_scRNA_2016_S3	scRNA-seq	qc+cluster	seurat-v5-standard	Seurat=5.4.0;SeuratObject=5.3.0;R=4.5.2	1	median_total_counts	2196.5				all	20260209T130350Z-scrna_baseline-f8cfc20ec3	2698	seed=2qc_min_features=200;qc_max_pct_mt=20;normalize=LogNormalize;hvg=vst(2000);nn=rann;cluster=leiden(res=0.5)
10x_PBMC_3k_scRNA_2016_S3	scRNA-seq	qc+cluster	seurat-v5-standard	Seurat=5.4.0;SeuratObject=5.3.0;R=4.5.2	1	median_n_genes_by_counts	816				all	20260209T130350Z-scrna_baseline-f8cfc20ec3	2698	seed=2qc_min_features=200;qc_max_pct_mt=20;normalize=LogNormalize;hvg=vst(2000);nn=rann;cluster=leiden(res=0.5)
10x_PBMC_3k_scRNA_2016_S3	scRNA-seq	qc+cluster	seurat-v5-standard	Seurat=5.4.0;SeuratObject=5.3.0;R=4.5.2	1	median_pct_counts_mt	2.0301				all	20260209T130350Z-scrna_baseline-f8cfc20ec3	2698	seed=2qc_min_features=200;qc_max_pct_mt=20;normalize=LogNormalize;hvg=vst(2000);nn=rann;cluster=leiden(res=0.5)
10x_PBMC_3k_scRNA_2016_S3	scRNA-seq	qc+cluster	seurat-v5-standard	Seurat=5.4.0;SeuratObject=5.3.0;R=4.5.2	1	n_clusters	5				all	20260209T130350Z-scrna_baseline-f8cfc20ec3	2698	seed=2qc_min_features=200;qc_max_pct_mt=20;normalize=LogNormalize;hvg=vst(2000);nn=rann;cluster=leiden(res=0.5)
10x_PBMC_3k_scRNA_2016_S3	scRNA-seq	qc+cluster	seurat-v5-standard	Seurat=5.4.0;SeuratObject=5.3.0;R=4.5.2	1	n_cells_after_qc	2698				all	20260209T130452Z-scrna_baseline-63c8dac53f	2698	seed=3qc_min_features=200;qc_max_pct_mt=20;normalize=LogNormalize;hvg=vst(2000);nn=rann;cluster=leiden(res=0.5)
10x_PBMC_3k_scRNA_2016_S3	scRNA-seq	qc+cluster	seurat-v5-standard	Seurat=5.4.0;SeuratObject=5.3.0;R=4.5.2	1	median_total_counts	2196.5				all	20260209T130452Z-scrna_baseline-63c8dac53f	2698	seed=3qc_min_features=200;qc_max_pct_mt=20;normalize=LogNormalize;hvg=vst(2000);nn=rann;cluster=leiden(res=0.5)
10x_PBMC_3k_scRNA_2016_S3	scRNA-seq	qc+cluster	seurat-v5-standard	Seurat=5.4.0;SeuratObject=5.3.0;R=4.5.2	1	median_n_genes_by_counts	816				all	20260209T130452Z-scrna_baseline-63c8dac53f	2698	seed=3qc_min_features=200;qc_max_pct_mt=20;normalize=LogNormalize;hvg=vst(2000);nn=rann;cluster=leiden(res=0.5)
10x_PBMC_3k_scRNA_2016_S3	scRNA-seq	qc+cluster	seurat-v5-standard	Seurat=5.4.0;SeuratObject=5.3.0;R=4.5.2	1	median_pct_counts_mt	2.0301				all	20260209T130452Z-scrna_baseline-63c8dac53f	2698	seed=3qc_min_features=200;qc_max_pct_mt=20;normalize=LogNormalize;hvg=vst(2000);nn=rann;cluster=leiden(res=0.5)
10x_PBMC_3k_scRNA_2016_S3	scRNA-seq	qc+cluster	seurat-v5-standard	Seurat=5.4.0;SeuratObject=5.3.0;R=4.5.2	1	n_clusters	5				all	20260209T130452Z-scrna_baseline-63c8dac53f	2698	seed=3qc_min_features=200;qc_max_pct_mt=20;normalize=LogNormalize;hvg=vst(2000);nn=rann;cluster=leiden(res=0.5)
10x_PBMC_3k_scRNA_2016_S3	scRNA-seq	qc+cluster	seurat-v5-standard	Seurat=5.4.0;SeuratObject=5.3.0;R=4.5.2	1	n_cells_after_qc	2698				all	20260209T130555Z-scrna_baseline-daa9c1c874	2698	seed=4qc_min_features=200;qc_max_pct_mt=20;normalize=LogNormalize;hvg=vst(2000);nn=rann;cluster=leiden(res=0.5)
10x_PBMC_3k_scRNA_2016_S3	scRNA-seq	qc+cluster	seurat-v5-standard	Seurat=5.4.0;SeuratObject=5.3.0;R=4.5.2	1	median_total_counts	2196.5				all	20260209T130555Z-scrna_baseline-daa9c1c874	2698	seed=4qc_min_features=200;qc_max_pct_mt=20;normalize=LogNormalize;hvg=vst(2000);nn=rann;cluster=leiden(res=0.5)
10x_PBMC_3k_scRNA_2016_S3	scRNA-seq	qc+cluster	seurat-v5-standard	Seurat=5.4.0;SeuratObject=5.3.0;R=4.5.2	1	median_n_genes_by_counts	816				all	20260209T130555Z-scrna_baseline-daa9c1c874	2698	seed=4qc_min_features=200;qc_max_pct_mt=20;normalize=LogNormalize;hvg=vst(2000);nn=rann;cluster=leiden(res=0.5)
10x_PBMC_3k_scRNA_2016_S3	scRNA-seq	qc+cluster	seurat-v5-standard	Seurat=5.4.0;SeuratObject=5.3.0;R=4.5.2	1	median_pct_counts_mt	2.0301				all	20260209T130555Z-scrna_baseline-daa9c1c874	2698	seed=4qc_min_features=200;qc_max_pct_mt=20;normalize=LogNormalize;hvg=vst(2000);nn=rann;cluster=leiden(res=0.5)
10x_PBMC_3k_scRNA_2016_S3	scRNA-seq	qc+cluster	seurat-v5-standard	Seurat=5.4.0;SeuratObject=5.3.0;R=4.5.2	1	n_clusters	5				all	20260209T130555Z-scrna_baseline-daa9c1c874	2698	seed=4qc_min_features=200;qc_max_pct_mt=20;normalize=LogNormalize;hvg=vst(2000);nn=rann;cluster=leiden(res=0.5)
10x_PBMC_10k_scRNA	scRNA-seq	qc+cluster	scanpy-standard	scanpy=1.10.3;anndata=0.11.4;numpy=1.26.4;scipy=1.11.4;pandas=2.2.2;scikit-learn=1.4.2	1	n_cells_after_qc	11043				all	20260209T130657Z-scrna_baseline-9bec5645cb	11043	seed=0
10x_PBMC_10k_scRNA	scRNA-seq	qc+cluster	scanpy-standard	scanpy=1.10.3;anndata=0.11.4;numpy=1.26.4;scipy=1.11.4;pandas=2.2.2;scikit-learn=1.4.2	1	median_total_counts	6730.0				all	20260209T130657Z-scrna_baseline-9bec5645cb	11043	seed=0
10x_PBMC_10k_scRNA	scRNA-seq	qc+cluster	scanpy-standard	scanpy=1.10.3;anndata=0.11.4;numpy=1.26.4;scipy=1.11.4;pandas=2.2.2;scikit-learn=1.4.2	1	median_n_genes_by_counts	1951.0				all	20260209T130657Z-scrna_baseline-9bec5645cb	11043	seed=0
10x_PBMC_10k_scRNA	scRNA-seq	qc+cluster	scanpy-standard	scanpy=1.10.3;anndata=0.11.4;numpy=1.26.4;scipy=1.11.4;pandas=2.2.2;scikit-learn=1.4.2	1	median_pct_counts_mt	8.964728935336382				all	20260209T130657Z-scrna_baseline-9bec5645cb	11043	seed=0
10x_PBMC_10k_scRNA	scRNA-seq	qc+cluster	scanpy-standard	scanpy=1.10.3;anndata=0.11.4;numpy=1.26.4;scipy=1.11.4;pandas=2.2.2;scikit-learn=1.4.2	1	n_clusters	19				all	20260209T130657Z-scrna_baseline-9bec5645cb	11043	seed=0
10x_PBMC_10k_scRNA	scRNA-seq	annotation	celltypist	celltypist=1.7.1	0	n_cell_types_pred	18				all	20260209T130657Z-scrna_baseline-9bec5645cb	11043	model=Immune_All_Low.pkl;majority_voting=TRUE (PBMC-style default)
10x_PBMC_10k_scRNA	scRNA-seq	qc+cluster	scanpy-standard	scanpy=1.10.3;anndata=0.11.4;numpy=1.26.4;scipy=1.11.4;pandas=2.2.2;scikit-learn=1.4.2	1	n_cells_after_qc	11043				all	20260209T131042Z-scrna_baseline-407d298849	11043	seed=1
10x_PBMC_10k_scRNA	scRNA-seq	qc+cluster	scanpy-standard	scanpy=1.10.3;anndata=0.11.4;numpy=1.26.4;scipy=1.11.4;pandas=2.2.2;scikit-learn=1.4.2	1	median_total_counts	6730.0				all	20260209T131042Z-scrna_baseline-407d298849	11043	seed=1
10x_PBMC_10k_scRNA	scRNA-seq	qc+cluster	scanpy-standard	scanpy=1.10.3;anndata=0.11.4;numpy=1.26.4;scipy=1.11.4;pandas=2.2.2;scikit-learn=1.4.2	1	median_n_genes_by_counts	1951.0				all	20260209T131042Z-scrna_baseline-407d298849	11043	seed=1
10x_PBMC_10k_scRNA	scRNA-seq	qc+cluster	scanpy-standard	scanpy=1.10.3;anndata=0.11.4;numpy=1.26.4;scipy=1.11.4;pandas=2.2.2;scikit-learn=1.4.2	1	median_pct_counts_mt	8.964728935336382				all	20260209T131042Z-scrna_baseline-407d298849	11043	seed=1
10x_PBMC_10k_scRNA	scRNA-seq	qc+cluster	scanpy-standard	scanpy=1.10.3;anndata=0.11.4;numpy=1.26.4;scipy=1.11.4;pandas=2.2.2;scikit-learn=1.4.2	1	n_clusters	21				all	20260209T131042Z-scrna_baseline-407d298849	11043	seed=1
10x_PBMC_10k_scRNA	scRNA-seq	annotation	celltypist	celltypist=1.7.1	0	n_cell_types_pred	19				all	20260209T131042Z-scrna_baseline-407d298849	11043	model=Immune_All_Low.pkl;majority_voting=TRUE (PBMC-style default)
10x_PBMC_10k_scRNA	scRNA-seq	qc+cluster	scanpy-standard	scanpy=1.10.3;anndata=0.11.4;numpy=1.26.4;scipy=1.11.4;pandas=2.2.2;scikit-learn=1.4.2	1	n_cells_after_qc	11043				all	20260209T131419Z-scrna_baseline-29a2a9db87	11043	seed=2
10x_PBMC_10k_scRNA	scRNA-seq	qc+cluster	scanpy-standard	scanpy=1.10.3;anndata=0.11.4;numpy=1.26.4;scipy=1.11.4;pandas=2.2.2;scikit-learn=1.4.2	1	median_total_counts	6730.0				all	20260209T131419Z-scrna_baseline-29a2a9db87	11043	seed=2
10x_PBMC_10k_scRNA	scRNA-seq	qc+cluster	scanpy-standard	scanpy=1.10.3;anndata=0.11.4;numpy=1.26.4;scipy=1.11.4;pandas=2.2.2;scikit-learn=1.4.2	1	median_n_genes_by_counts	1951.0				all	20260209T131419Z-scrna_baseline-29a2a9db87	11043	seed=2
10x_PBMC_10k_scRNA	scRNA-seq	qc+cluster	scanpy-standard	scanpy=1.10.3;anndata=0.11.4;numpy=1.26.4;scipy=1.11.4;pandas=2.2.2;scikit-learn=1.4.2	1	median_pct_counts_mt	8.964728935336382				all	20260209T131419Z-scrna_baseline-29a2a9db87	11043	seed=2
10x_PBMC_10k_scRNA	scRNA-seq	qc+cluster	scanpy-standard	scanpy=1.10.3;anndata=0.11.4;numpy=1.26.4;scipy=1.11.4;pandas=2.2.2;scikit-learn=1.4.2	1	n_clusters	19				all	20260209T131419Z-scrna_baseline-29a2a9db87	11043	seed=2
10x_PBMC_10k_scRNA	scRNA-seq	annotation	celltypist	celltypist=1.7.1	0	n_cell_types_pred	19				all	20260209T131419Z-scrna_baseline-29a2a9db87	11043	model=Immune_All_Low.pkl;majority_voting=TRUE (PBMC-style default)
10x_PBMC3K_PBMC10K_V3_INTEGRATION_PAIR_S3	scRNA-seq	integration	scanpy-standard	scanpy=1.10.3;anndata=0.11.4;numpy=1.26.4;scipy=1.11.4;pandas=2.2.2;scikit-learn=1.4.2	1	batch_mixing_nn_frac_mean	0.0021816963419483935				all	20260209T131804Z-scrna_advanced-40798ab33b	13742	qc_min_genes=200;qc_max_pct_mt=20.0;hvg=2000;scvi_latent=30;scvi_epochs=50;compute_tier=gpu
10x_PBMC3K_PBMC10K_V3_INTEGRATION_PAIR_S3	scRNA-seq	integration	scanpy-standard	scanpy=1.10.3;anndata=0.11.4;numpy=1.26.4;scipy=1.11.4;pandas=2.2.2;scikit-learn=1.4.2	1	label_purity_nn_frac_mean	0.8148879800649449				all	20260209T131804Z-scrna_advanced-40798ab33b	13742	proxy using pinned CellTypist labels (no tuning on target)
10x_PBMC3K_PBMC10K_V3_INTEGRATION_PAIR_S3	scRNA-seq	integration	harmony	harmonypy=0.0.10	0	batch_mixing_nn_frac_mean	0.12742081707172614				all	20260209T131804Z-scrna_advanced-40798ab33b	13742	qc_min_genes=200;qc_max_pct_mt=20.0;hvg=2000;scvi_latent=30;scvi_epochs=50;compute_tier=gpu
10x_PBMC3K_PBMC10K_V3_INTEGRATION_PAIR_S3	scRNA-seq	integration	harmony	harmonypy=0.0.10	0	label_purity_nn_frac_mean	0.7811334540382551				all	20260209T131804Z-scrna_advanced-40798ab33b	13742	proxy using pinned CellTypist labels (no tuning on target)
10x_PBMC3K_PBMC10K_V3_INTEGRATION_PAIR_S3	scRNA-seq	integration	harmony	harmonypy=0.0.10	0	ari_clusters_vs_baseline	0.8036538637579166				all	20260209T131804Z-scrna_advanced-40798ab33b	13742	ARI between baseline and harmony clusters
10x_PBMC3K_PBMC10K_V3_INTEGRATION_PAIR_S3	scRNA-seq	integration	scvi	scvi-tools=1.1.3;torch=2.2.2+cu121	0	batch_mixing_nn_frac_mean	0.0914063348096721				all	20260209T131804Z-scrna_advanced-40798ab33b	13742	qc_min_genes=200;qc_max_pct_mt=20.0;hvg=2000;scvi_latent=30;scvi_epochs=50;compute_tier=gpu
10x_PBMC3K_PBMC10K_V3_INTEGRATION_PAIR_S3	scRNA-seq	integration	scvi	scvi-tools=1.1.3;torch=2.2.2+cu121	0	label_purity_nn_frac_mean	0.7915229142089659				all	20260209T131804Z-scrna_advanced-40798ab33b	13742	proxy using pinned CellTypist labels (no tuning on target)
10x_PBMC3K_PBMC10K_V3_INTEGRATION_PAIR_S3	scRNA-seq	integration	scvi	scvi-tools=1.1.3;torch=2.2.2+cu121	0	ari_clusters_vs_harmony	0.7752844405312046				all	20260209T131804Z-scrna_advanced-40798ab33b	13742	ARI between scVI clusters and harmony clusters
10x_PBMC3K_PBMC10K_V3_INTEGRATION_PAIR_S3	scRNA-seq	integration	scanpy-standard	scanpy=1.10.3;anndata=0.11.4;numpy=1.26.4;scipy=1.11.4;pandas=2.2.2;scikit-learn=1.4.2	1	batch_mixing_nn_frac_mean	0.0021816963419483935				all	20260209T145544Z-scrna_advanced-6b39c89630	13742	qc_min_genes=200;qc_max_pct_mt=20.0;hvg=2000;scvi_latent=30;scvi_epochs=50;compute_tier=gpu
10x_PBMC3K_PBMC10K_V3_INTEGRATION_PAIR_S3	scRNA-seq	integration	scanpy-standard	scanpy=1.10.3;anndata=0.11.4;numpy=1.26.4;scipy=1.11.4;pandas=2.2.2;scikit-learn=1.4.2	1	label_purity_nn_frac_mean	0.8148879800649449				all	20260209T145544Z-scrna_advanced-6b39c89630	13742	proxy using pinned CellTypist labels (no tuning on target)
10x_PBMC3K_PBMC10K_V3_INTEGRATION_PAIR_S3	scRNA-seq	integration	harmony	harmonypy=0.0.10	0	batch_mixing_nn_frac_mean	0.12742081707172614				all	20260209T145544Z-scrna_advanced-6b39c89630	13742	qc_min_genes=200;qc_max_pct_mt=20.0;hvg=2000;scvi_latent=30;scvi_epochs=50;compute_tier=gpu
10x_PBMC3K_PBMC10K_V3_INTEGRATION_PAIR_S3	scRNA-seq	integration	harmony	harmonypy=0.0.10	0	label_purity_nn_frac_mean	0.7811334540382551				all	20260209T145544Z-scrna_advanced-6b39c89630	13742	proxy using pinned CellTypist labels (no tuning on target)
10x_PBMC3K_PBMC10K_V3_INTEGRATION_PAIR_S3	scRNA-seq	integration	harmony	harmonypy=0.0.10	0	ari_clusters_vs_baseline	0.8038484870189752				all	20260209T145544Z-scrna_advanced-6b39c89630	13742	ARI between baseline and harmony clusters
10x_PBMC3K_PBMC10K_V3_INTEGRATION_PAIR_S3	scRNA-seq	integration	scvi	scvi-tools=1.1.3;torch=2.2.2+cu121	0	batch_mixing_nn_frac_mean	0.0914063348096721				all	20260209T145544Z-scrna_advanced-6b39c89630	13742	qc_min_genes=200;qc_max_pct_mt=20.0;hvg=2000;scvi_latent=30;scvi_epochs=50;compute_tier=gpu
10x_PBMC3K_PBMC10K_V3_INTEGRATION_PAIR_S3	scRNA-seq	integration	scvi	scvi-tools=1.1.3;torch=2.2.2+cu121	0	label_purity_nn_frac_mean	0.7915229142089659				all	20260209T145544Z-scrna_advanced-6b39c89630	13742	proxy using pinned CellTypist labels (no tuning on target)
10x_PBMC3K_PBMC10K_V3_INTEGRATION_PAIR_S3	scRNA-seq	integration	scvi	scvi-tools=1.1.3;torch=2.2.2+cu121	0	ari_clusters_vs_harmony	0.7752337735836735				all	20260209T145544Z-scrna_advanced-6b39c89630	13742	ARI between scVI clusters and harmony clusters
10x_PBMC3K_PBMC10K_V3_INTEGRATION_PAIR_S3	scRNA-seq	integration	scanpy-standard	scanpy=1.10.3;anndata=0.11.4;numpy=1.26.4;scipy=1.11.4;pandas=2.2.2;scikit-learn=1.4.2	1	batch_mixing_nn_frac_mean	0.0021816963419483935				all	20260209T155506Z-scrna_advanced-dc5f54d273	13742	qc_min_genes=200;qc_max_pct_mt=20.0;hvg=2000;scvi_latent=30;scvi_epochs=50;compute_tier=gpu
10x_PBMC3K_PBMC10K_V3_INTEGRATION_PAIR_S3	scRNA-seq	integration	scanpy-standard	scanpy=1.10.3;anndata=0.11.4;numpy=1.26.4;scipy=1.11.4;pandas=2.2.2;scikit-learn=1.4.2	1	label_purity_nn_frac_mean	0.8148879800649449				all	20260209T155506Z-scrna_advanced-dc5f54d273	13742	proxy using pinned CellTypist labels (no tuning on target)
10x_PBMC3K_PBMC10K_V3_INTEGRATION_PAIR_S3	scRNA-seq	integration	harmony	harmonypy=0.0.10	0	batch_mixing_nn_frac_mean	0.12742081707172614				all	20260209T155506Z-scrna_advanced-dc5f54d273	13742	qc_min_genes=200;qc_max_pct_mt=20.0;hvg=2000;scvi_latent=30;scvi_epochs=50;compute_tier=gpu
10x_PBMC3K_PBMC10K_V3_INTEGRATION_PAIR_S3	scRNA-seq	integration	harmony	harmonypy=0.0.10	0	label_purity_nn_frac_mean	0.7811334540382551				all	20260209T155506Z-scrna_advanced-dc5f54d273	13742	proxy using pinned CellTypist labels (no tuning on target)
10x_PBMC3K_PBMC10K_V3_INTEGRATION_PAIR_S3	scRNA-seq	integration	harmony	harmonypy=0.0.10	0	ari_clusters_vs_baseline	0.8028100699167269				all	20260209T155506Z-scrna_advanced-dc5f54d273	13742	ARI between baseline and harmony clusters
10x_PBMC3K_PBMC10K_V3_INTEGRATION_PAIR_S3	scRNA-seq	integration	scvi	scvi-tools=1.1.3;torch=2.2.2+cu121	0	batch_mixing_nn_frac_mean	0.0914063348096721				all	20260209T155506Z-scrna_advanced-dc5f54d273	13742	qc_min_genes=200;qc_max_pct_mt=20.0;hvg=2000;scvi_latent=30;scvi_epochs=50;compute_tier=gpu
10x_PBMC3K_PBMC10K_V3_INTEGRATION_PAIR_S3	scRNA-seq	integration	scvi	scvi-tools=1.1.3;torch=2.2.2+cu121	0	label_purity_nn_frac_mean	0.7915229142089659				all	20260209T155506Z-scrna_advanced-dc5f54d273	13742	proxy using pinned CellTypist labels (no tuning on target)
10x_PBMC3K_PBMC10K_V3_INTEGRATION_PAIR_S3	scRNA-seq	integration	scvi	scvi-tools=1.1.3;torch=2.2.2+cu121	0	ari_clusters_vs_harmony	0.7746436849010236				all	20260209T155506Z-scrna_advanced-dc5f54d273	13742	ARI between scVI clusters and harmony clusters
10x_PBMC3K_PBMC10K_V3_INTEGRATION_PAIR_S3	scRNA-seq	integration	scanpy-standard	scanpy=1.10.3;anndata=0.11.4;numpy=1.26.4;scipy=1.11.4;pandas=2.2.2;scikit-learn=1.4.2	1	batch_mixing_nn_frac_mean	0.002082967466537329				all	20260209T160125Z-scrna_advanced-99cf928fcb	13742	qc_min_genes=200;qc_max_pct_mt=20.0;hvg=2000;scvi_latent=30;scvi_epochs=50;compute_tier=gpu
10x_PBMC3K_PBMC10K_V3_INTEGRATION_PAIR_S3	scRNA-seq	integration	scanpy-standard	scanpy=1.10.3;anndata=0.11.4;numpy=1.26.4;scipy=1.11.4;pandas=2.2.2;scikit-learn=1.4.2	1	label_purity_nn_frac_mean	0.8147173675340658				all	20260209T160125Z-scrna_advanced-99cf928fcb	13742	proxy using pinned CellTypist labels (no tuning on target)
10x_PBMC3K_PBMC10K_V3_INTEGRATION_PAIR_S3	scRNA-seq	integration	harmony	harmonypy=0.0.10	0	batch_mixing_nn_frac_mean	0.13075762406983896				all	20260209T160125Z-scrna_advanced-99cf928fcb	13742	qc_min_genes=200;qc_max_pct_mt=20.0;hvg=2000;scvi_latent=30;scvi_epochs=50;compute_tier=gpu
10x_PBMC3K_PBMC10K_V3_INTEGRATION_PAIR_S3	scRNA-seq	integration	harmony	harmonypy=0.0.10	0	label_purity_nn_frac_mean	0.7785356643830695				all	20260209T160125Z-scrna_advanced-99cf928fcb	13742	proxy using pinned CellTypist labels (no tuning on target)
10x_PBMC3K_PBMC10K_V3_INTEGRATION_PAIR_S3	scRNA-seq	integration	harmony	harmonypy=0.0.10	0	ari_clusters_vs_baseline	0.8330403045876967				all	20260209T160125Z-scrna_advanced-99cf928fcb	13742	ARI between baseline and harmony clusters
10x_PBMC3K_PBMC10K_V3_INTEGRATION_PAIR_S3	scRNA-seq	integration	scvi	scvi-tools=1.1.3;torch=2.2.2+cu121	0	batch_mixing_nn_frac_mean	0.08169824541756555				all	20260209T160125Z-scrna_advanced-99cf928fcb	13742	qc_min_genes=200;qc_max_pct_mt=20.0;hvg=2000;scvi_latent=30;scvi_epochs=50;compute_tier=gpu
10x_PBMC3K_PBMC10K_V3_INTEGRATION_PAIR_S3	scRNA-seq	integration	scvi	scvi-tools=1.1.3;torch=2.2.2+cu121	0	label_purity_nn_frac_mean	0.7910361494690142				all	20260209T160125Z-scrna_advanced-99cf928fcb	13742	proxy using pinned CellTypist labels (no tuning on target)
10x_PBMC3K_PBMC10K_V3_INTEGRATION_PAIR_S3	scRNA-seq	integration	scvi	scvi-tools=1.1.3;torch=2.2.2+cu121	0	ari_clusters_vs_harmony	0.7684565862583661				all	20260209T160125Z-scrna_advanced-99cf928fcb	13742	ARI between scVI clusters and harmony clusters
10x_PBMC3K_PBMC10K_V3_INTEGRATION_PAIR_S3	scRNA-seq	integration	scanpy-standard	scanpy=1.10.3;anndata=0.11.4;numpy=1.26.4;scipy=1.11.4;pandas=2.2.2;scikit-learn=1.4.2	1	batch_mixing_nn_frac_mean	0.0021989848498561154				all	20260209T160716Z-scrna_advanced-3bcab6b84f	13742	qc_min_genes=200;qc_max_pct_mt=20.0;hvg=2000;scvi_latent=30;scvi_epochs=50;compute_tier=gpu
10x_PBMC3K_PBMC10K_V3_INTEGRATION_PAIR_S3	scRNA-seq	integration	scanpy-standard	scanpy=1.10.3;anndata=0.11.4;numpy=1.26.4;scipy=1.11.4;pandas=2.2.2;scikit-learn=1.4.2	1	label_purity_nn_frac_mean	0.8148013096784668				all	20260209T160716Z-scrna_advanced-3bcab6b84f	13742	proxy using pinned CellTypist labels (no tuning on target)
10x_PBMC3K_PBMC10K_V3_INTEGRATION_PAIR_S3	scRNA-seq	integration	harmony	harmonypy=0.0.10	0	batch_mixing_nn_frac_mean	0.12546711587839707				all	20260209T160716Z-scrna_advanced-3bcab6b84f	13742	qc_min_genes=200;qc_max_pct_mt=20.0;hvg=2000;scvi_latent=30;scvi_epochs=50;compute_tier=gpu
10x_PBMC3K_PBMC10K_V3_INTEGRATION_PAIR_S3	scRNA-seq	integration	harmony	harmonypy=0.0.10	0	label_purity_nn_frac_mean	0.7811390276012782				all	20260209T160716Z-scrna_advanced-3bcab6b84f	13742	proxy using pinned CellTypist labels (no tuning on target)
10x_PBMC3K_PBMC10K_V3_INTEGRATION_PAIR_S3	scRNA-seq	integration	harmony	harmonypy=0.0.10	0	ari_clusters_vs_baseline	0.806015791345122				all	20260209T160716Z-scrna_advanced-3bcab6b84f	13742	ARI between baseline and harmony clusters
10x_PBMC3K_PBMC10K_V3_INTEGRATION_PAIR_S3	scRNA-seq	integration	scvi	scvi-tools=1.1.3;torch=2.2.2+cu121	0	batch_mixing_nn_frac_mean	0.10435085447081549				all	20260209T160716Z-scrna_advanced-3bcab6b84f	13742	qc_min_genes=200;qc_max_pct_mt=20.0;hvg=2000;scvi_latent=30;scvi_epochs=50;compute_tier=gpu
10x_PBMC3K_PBMC10K_V3_INTEGRATION_PAIR_S3	scRNA-seq	integration	scvi	scvi-tools=1.1.3;torch=2.2.2+cu121	0	label_purity_nn_frac_mean	0.793449010133915				all	20260209T160716Z-scrna_advanced-3bcab6b84f	13742	proxy using pinned CellTypist labels (no tuning on target)
10x_PBMC3K_PBMC10K_V3_INTEGRATION_PAIR_S3	scRNA-seq	integration	scvi	scvi-tools=1.1.3;torch=2.2.2+cu121	0	ari_clusters_vs_harmony	0.7514375084242185				all	20260209T160716Z-scrna_advanced-3bcab6b84f	13742	ARI between scVI clusters and harmony clusters
PBMC3K_PLUS_PBMC10K_INTEGRATION	scRNA-seq	integration	scanpy-standard	scanpy=1.10.3;anndata=0.11.4;numpy=1.26.4;scipy=1.11.4;pandas=2.2.2;scikit-learn=1.4.2	1	batch_mixing_nn_frac_mean	0.0021816963419483935				all	20260209T161306Z-scrna_advanced-2f1381958f	13742	qc_min_genes=200;qc_max_pct_mt=20.0;hvg=2000;scvi_latent=30;scvi_epochs=50;compute_tier=gpu
PBMC3K_PLUS_PBMC10K_INTEGRATION	scRNA-seq	integration	scanpy-standard	scanpy=1.10.3;anndata=0.11.4;numpy=1.26.4;scipy=1.11.4;pandas=2.2.2;scikit-learn=1.4.2	1	label_purity_nn_frac_mean	0.8148879800649449				all	20260209T161306Z-scrna_advanced-2f1381958f	13742	proxy using pinned CellTypist labels (no tuning on target)
PBMC3K_PLUS_PBMC10K_INTEGRATION	scRNA-seq	integration	harmony	harmonypy=0.0.10	0	batch_mixing_nn_frac_mean	0.12742081707172614				all	20260209T161306Z-scrna_advanced-2f1381958f	13742	qc_min_genes=200;qc_max_pct_mt=20.0;hvg=2000;scvi_latent=30;scvi_epochs=50;compute_tier=gpu
PBMC3K_PLUS_PBMC10K_INTEGRATION	scRNA-seq	integration	harmony	harmonypy=0.0.10	0	label_purity_nn_frac_mean	0.7811334540382551				all	20260209T161306Z-scrna_advanced-2f1381958f	13742	proxy using pinned CellTypist labels (no tuning on target)
PBMC3K_PLUS_PBMC10K_INTEGRATION	scRNA-seq	integration	harmony	harmonypy=0.0.10	0	ari_clusters_vs_baseline	0.8038484870189752				all	20260209T161306Z-scrna_advanced-2f1381958f	13742	ARI between baseline and harmony clusters
PBMC3K_PLUS_PBMC10K_INTEGRATION	scRNA-seq	integration	scvi	scvi-tools=1.1.3;torch=2.2.2+cu121	0	batch_mixing_nn_frac_mean	0.0914063348096721				all	20260209T161306Z-scrna_advanced-2f1381958f	13742	qc_min_genes=200;qc_max_pct_mt=20.0;hvg=2000;scvi_latent=30;scvi_epochs=50;compute_tier=gpu
PBMC3K_PLUS_PBMC10K_INTEGRATION	scRNA-seq	integration	scvi	scvi-tools=1.1.3;torch=2.2.2+cu121	0	label_purity_nn_frac_mean	0.7915229142089659				all	20260209T161306Z-scrna_advanced-2f1381958f	13742	proxy using pinned CellTypist labels (no tuning on target)
PBMC3K_PLUS_PBMC10K_INTEGRATION	scRNA-seq	integration	scvi	scvi-tools=1.1.3;torch=2.2.2+cu121	0	ari_clusters_vs_harmony	0.7752337735836735				all	20260209T161306Z-scrna_advanced-2f1381958f	13742	ARI between scVI clusters and harmony clusters
PBMC3K_PLUS_PBMC10K_INTEGRATION	scRNA-seq	integration	scanpy-standard	scanpy=1.10.3;anndata=0.11.4;numpy=1.26.4;scipy=1.11.4;pandas=2.2.2;scikit-learn=1.4.2	1	batch_mixing_nn_frac_mean	0.002082967466537329				all	20260209T161903Z-scrna_advanced-cae460a86e	13742	qc_min_genes=200;qc_max_pct_mt=20.0;hvg=2000;scvi_latent=30;scvi_epochs=50;compute_tier=gpu
PBMC3K_PLUS_PBMC10K_INTEGRATION	scRNA-seq	integration	scanpy-standard	scanpy=1.10.3;anndata=0.11.4;numpy=1.26.4;scipy=1.11.4;pandas=2.2.2;scikit-learn=1.4.2	1	label_purity_nn_frac_mean	0.8147173675340658				all	20260209T161903Z-scrna_advanced-cae460a86e	13742	proxy using pinned CellTypist labels (no tuning on target)
PBMC3K_PLUS_PBMC10K_INTEGRATION	scRNA-seq	integration	harmony	harmonypy=0.0.10	0	batch_mixing_nn_frac_mean	0.13075762406983896				all	20260209T161903Z-scrna_advanced-cae460a86e	13742	qc_min_genes=200;qc_max_pct_mt=20.0;hvg=2000;scvi_latent=30;scvi_epochs=50;compute_tier=gpu
PBMC3K_PLUS_PBMC10K_INTEGRATION	scRNA-seq	integration	harmony	harmonypy=0.0.10	0	label_purity_nn_frac_mean	0.7785356643830695				all	20260209T161903Z-scrna_advanced-cae460a86e	13742	proxy using pinned CellTypist labels (no tuning on target)
PBMC3K_PLUS_PBMC10K_INTEGRATION	scRNA-seq	integration	harmony	harmonypy=0.0.10	0	ari_clusters_vs_baseline	0.8323344620603627				all	20260209T161903Z-scrna_advanced-cae460a86e	13742	ARI between baseline and harmony clusters
PBMC3K_PLUS_PBMC10K_INTEGRATION	scRNA-seq	integration	scvi	scvi-tools=1.1.3;torch=2.2.2+cu121	0	batch_mixing_nn_frac_mean	0.08169824541756555				all	20260209T161903Z-scrna_advanced-cae460a86e	13742	qc_min_genes=200;qc_max_pct_mt=20.0;hvg=2000;scvi_latent=30;scvi_epochs=50;compute_tier=gpu
PBMC3K_PLUS_PBMC10K_INTEGRATION	scRNA-seq	integration	scvi	scvi-tools=1.1.3;torch=2.2.2+cu121	0	label_purity_nn_frac_mean	0.7910361494690142				all	20260209T161903Z-scrna_advanced-cae460a86e	13742	proxy using pinned CellTypist labels (no tuning on target)
PBMC3K_PLUS_PBMC10K_INTEGRATION	scRNA-seq	integration	scvi	scvi-tools=1.1.3;torch=2.2.2+cu121	0	ari_clusters_vs_harmony	0.7689632574191915				all	20260209T161903Z-scrna_advanced-cae460a86e	13742	ARI between scVI clusters and harmony clusters
PBMC3K_PLUS_PBMC10K_INTEGRATION	scRNA-seq	integration	scanpy-standard	scanpy=1.10.3;anndata=0.11.4;numpy=1.26.4;scipy=1.11.4;pandas=2.2.2;scikit-learn=1.4.2	1	batch_mixing_nn_frac_mean	0.0021989848498561154				all	20260209T162457Z-scrna_advanced-fb92b59860	13742	qc_min_genes=200;qc_max_pct_mt=20.0;hvg=2000;scvi_latent=30;scvi_epochs=50;compute_tier=gpu
PBMC3K_PLUS_PBMC10K_INTEGRATION	scRNA-seq	integration	scanpy-standard	scanpy=1.10.3;anndata=0.11.4;numpy=1.26.4;scipy=1.11.4;pandas=2.2.2;scikit-learn=1.4.2	1	label_purity_nn_frac_mean	0.8148013096784668				all	20260209T162457Z-scrna_advanced-fb92b59860	13742	proxy using pinned CellTypist labels (no tuning on target)
PBMC3K_PLUS_PBMC10K_INTEGRATION	scRNA-seq	integration	harmony	harmonypy=0.0.10	0	batch_mixing_nn_frac_mean	0.12546711587839707				all	20260209T162457Z-scrna_advanced-fb92b59860	13742	qc_min_genes=200;qc_max_pct_mt=20.0;hvg=2000;scvi_latent=30;scvi_epochs=50;compute_tier=gpu
PBMC3K_PLUS_PBMC10K_INTEGRATION	scRNA-seq	integration	harmony	harmonypy=0.0.10	0	label_purity_nn_frac_mean	0.7811390276012782				all	20260209T162457Z-scrna_advanced-fb92b59860	13742	proxy using pinned CellTypist labels (no tuning on target)
PBMC3K_PLUS_PBMC10K_INTEGRATION	scRNA-seq	integration	harmony	harmonypy=0.0.10	0	ari_clusters_vs_baseline	0.8027706710758351				all	20260209T162457Z-scrna_advanced-fb92b59860	13742	ARI between baseline and harmony clusters
PBMC3K_PLUS_PBMC10K_INTEGRATION	scRNA-seq	integration	scvi	scvi-tools=1.1.3;torch=2.2.2+cu121	0	batch_mixing_nn_frac_mean	0.10435085447081549				all	20260209T162457Z-scrna_advanced-fb92b59860	13742	qc_min_genes=200;qc_max_pct_mt=20.0;hvg=2000;scvi_latent=30;scvi_epochs=50;compute_tier=gpu
PBMC3K_PLUS_PBMC10K_INTEGRATION	scRNA-seq	integration	scvi	scvi-tools=1.1.3;torch=2.2.2+cu121	0	label_purity_nn_frac_mean	0.793449010133915				all	20260209T162457Z-scrna_advanced-fb92b59860	13742	proxy using pinned CellTypist labels (no tuning on target)
PBMC3K_PLUS_PBMC10K_INTEGRATION	scRNA-seq	integration	scvi	scvi-tools=1.1.3;torch=2.2.2+cu121	0	ari_clusters_vs_harmony	0.7513807160667214				all	20260209T162457Z-scrna_advanced-fb92b59860	13742	ARI between scVI clusters and harmony clusters
10x_Visium_Human_Lymph_Node_1p1_cf	Visium	visium_qc+cluster	scanpy-visium-baseline	scanpy=1.10.3;anndata=0.11.4;numpy=1.26.4;scipy=1.11.4;pandas=2.2.2;scikit-learn=1.4.2	1	n_spots_total	4035				in_tissue	20260209T163744Z-visium_baseline-edf8f914c7	4035	neighbors=6 on array coords; leiden_res=0.5
10x_Visium_Human_Lymph_Node_1p1_cf	Visium	visium_qc+cluster	scanpy-visium-baseline	scanpy=1.10.3;anndata=0.11.4;numpy=1.26.4;scipy=1.11.4;pandas=2.2.2;scikit-learn=1.4.2	1	n_spots_in_tissue	4035				in_tissue	20260209T163744Z-visium_baseline-edf8f914c7	4035	neighbors=6 on array coords; leiden_res=0.5
10x_Visium_Human_Lymph_Node_1p1_cf	Visium	visium_qc+cluster	scanpy-visium-baseline	scanpy=1.10.3;anndata=0.11.4;numpy=1.26.4;scipy=1.11.4;pandas=2.2.2;scikit-learn=1.4.2	1	median_total_counts	20239.0				in_tissue	20260209T163744Z-visium_baseline-edf8f914c7	4035	neighbors=6 on array coords; leiden_res=0.5
10x_Visium_Human_Lymph_Node_1p1_cf	Visium	visium_qc+cluster	scanpy-visium-baseline	scanpy=1.10.3;anndata=0.11.4;numpy=1.26.4;scipy=1.11.4;pandas=2.2.2;scikit-learn=1.4.2	1	median_n_genes_by_counts	5999.0				in_tissue	20260209T163744Z-visium_baseline-edf8f914c7	4035	neighbors=6 on array coords; leiden_res=0.5
10x_Visium_Human_Lymph_Node_1p1_cf	Visium	visium_qc+cluster	scanpy-visium-baseline	scanpy=1.10.3;anndata=0.11.4;numpy=1.26.4;scipy=1.11.4;pandas=2.2.2;scikit-learn=1.4.2	1	median_pct_counts_mt	0.9893129770992366				in_tissue	20260209T163744Z-visium_baseline-edf8f914c7	4035	neighbors=6 on array coords; leiden_res=0.5
10x_Visium_Human_Lymph_Node_1p1_cf	Visium	visium_qc+cluster	scanpy-visium-baseline	scanpy=1.10.3;anndata=0.11.4;numpy=1.26.4;scipy=1.11.4;pandas=2.2.2;scikit-learn=1.4.2	1	n_clusters	16				in_tissue	20260209T163744Z-visium_baseline-edf8f914c7	4035	neighbors=6 on array coords; leiden_res=0.5
10x_Visium_Human_Lymph_Node_1p1_cf	Visium	visium_qc+cluster	scanpy-visium-baseline	scanpy=1.10.3;anndata=0.11.4;numpy=1.26.4;scipy=1.11.4;pandas=2.2.2;scikit-learn=1.4.2	1	n_spots_total	4035				in_tissue	20260209T163939Z-visium_baseline-5bba9f073a	4035	neighbors=6 on array coords; leiden_res=0.5
10x_Visium_Human_Lymph_Node_1p1_cf	Visium	visium_qc+cluster	scanpy-visium-baseline	scanpy=1.10.3;anndata=0.11.4;numpy=1.26.4;scipy=1.11.4;pandas=2.2.2;scikit-learn=1.4.2	1	n_spots_in_tissue	4035				in_tissue	20260209T163939Z-visium_baseline-5bba9f073a	4035	neighbors=6 on array coords; leiden_res=0.5
10x_Visium_Human_Lymph_Node_1p1_cf	Visium	visium_qc+cluster	scanpy-visium-baseline	scanpy=1.10.3;anndata=0.11.4;numpy=1.26.4;scipy=1.11.4;pandas=2.2.2;scikit-learn=1.4.2	1	median_total_counts	20239.0				in_tissue	20260209T163939Z-visium_baseline-5bba9f073a	4035	neighbors=6 on array coords; leiden_res=0.5
10x_Visium_Human_Lymph_Node_1p1_cf	Visium	visium_qc+cluster	scanpy-visium-baseline	scanpy=1.10.3;anndata=0.11.4;numpy=1.26.4;scipy=1.11.4;pandas=2.2.2;scikit-learn=1.4.2	1	median_n_genes_by_counts	5999.0				in_tissue	20260209T163939Z-visium_baseline-5bba9f073a	4035	neighbors=6 on array coords; leiden_res=0.5
10x_Visium_Human_Lymph_Node_1p1_cf	Visium	visium_qc+cluster	scanpy-visium-baseline	scanpy=1.10.3;anndata=0.11.4;numpy=1.26.4;scipy=1.11.4;pandas=2.2.2;scikit-learn=1.4.2	1	median_pct_counts_mt	0.9893129770992366				in_tissue	20260209T163939Z-visium_baseline-5bba9f073a	4035	neighbors=6 on array coords; leiden_res=0.5
10x_Visium_Human_Lymph_Node_1p1_cf	Visium	visium_qc+cluster	scanpy-visium-baseline	scanpy=1.10.3;anndata=0.11.4;numpy=1.26.4;scipy=1.11.4;pandas=2.2.2;scikit-learn=1.4.2	1	n_clusters	17				in_tissue	20260209T163939Z-visium_baseline-5bba9f073a	4035	neighbors=6 on array coords; leiden_res=0.5
10x_Visium_Human_Lymph_Node_1p1_cf	Visium	visium_qc+cluster	scanpy-visium-baseline	scanpy=1.10.3;anndata=0.11.4;numpy=1.26.4;scipy=1.11.4;pandas=2.2.2;scikit-learn=1.4.2	1	n_spots_total	4035				in_tissue	20260209T164135Z-visium_baseline-e25bb11843	4035	neighbors=6 on array coords; leiden_res=0.5
10x_Visium_Human_Lymph_Node_1p1_cf	Visium	visium_qc+cluster	scanpy-visium-baseline	scanpy=1.10.3;anndata=0.11.4;numpy=1.26.4;scipy=1.11.4;pandas=2.2.2;scikit-learn=1.4.2	1	n_spots_in_tissue	4035				in_tissue	20260209T164135Z-visium_baseline-e25bb11843	4035	neighbors=6 on array coords; leiden_res=0.5
10x_Visium_Human_Lymph_Node_1p1_cf	Visium	visium_qc+cluster	scanpy-visium-baseline	scanpy=1.10.3;anndata=0.11.4;numpy=1.26.4;scipy=1.11.4;pandas=2.2.2;scikit-learn=1.4.2	1	median_total_counts	20239.0				in_tissue	20260209T164135Z-visium_baseline-e25bb11843	4035	neighbors=6 on array coords; leiden_res=0.5
10x_Visium_Human_Lymph_Node_1p1_cf	Visium	visium_qc+cluster	scanpy-visium-baseline	scanpy=1.10.3;anndata=0.11.4;numpy=1.26.4;scipy=1.11.4;pandas=2.2.2;scikit-learn=1.4.2	1	median_n_genes_by_counts	5999.0				in_tissue	20260209T164135Z-visium_baseline-e25bb11843	4035	neighbors=6 on array coords; leiden_res=0.5
10x_Visium_Human_Lymph_Node_1p1_cf	Visium	visium_qc+cluster	scanpy-visium-baseline	scanpy=1.10.3;anndata=0.11.4;numpy=1.26.4;scipy=1.11.4;pandas=2.2.2;scikit-learn=1.4.2	1	median_pct_counts_mt	0.9893129770992366				in_tissue	20260209T164135Z-visium_baseline-e25bb11843	4035	neighbors=6 on array coords; leiden_res=0.5
10x_Visium_Human_Lymph_Node_1p1_cf	Visium	visium_qc+cluster	scanpy-visium-baseline	scanpy=1.10.3;anndata=0.11.4;numpy=1.26.4;scipy=1.11.4;pandas=2.2.2;scikit-learn=1.4.2	1	n_clusters	17				in_tissue	20260209T164135Z-visium_baseline-e25bb11843	4035	neighbors=6 on array coords; leiden_res=0.5
Mouse_Brain_Visium_10x	Visium	visium_qc+cluster	scanpy-visium-baseline	scanpy=1.10.3;anndata=0.11.4;numpy=1.26.4;scipy=1.11.4;pandas=2.2.2;scikit-learn=1.4.2	1	n_spots_total	2695				in_tissue	20260209T164330Z-visium_baseline-c4191376d0	2695	neighbors=6 on array coords; leiden_res=0.5
Mouse_Brain_Visium_10x	Visium	visium_qc+cluster	scanpy-visium-baseline	scanpy=1.10.3;anndata=0.11.4;numpy=1.26.4;scipy=1.11.4;pandas=2.2.2;scikit-learn=1.4.2	1	n_spots_in_tissue	2695				in_tissue	20260209T164330Z-visium_baseline-c4191376d0	2695	neighbors=6 on array coords; leiden_res=0.5
Mouse_Brain_Visium_10x	Visium	visium_qc+cluster	scanpy-visium-baseline	scanpy=1.10.3;anndata=0.11.4;numpy=1.26.4;scipy=1.11.4;pandas=2.2.2;scikit-learn=1.4.2	1	median_total_counts	25888.0				in_tissue	20260209T164330Z-visium_baseline-c4191376d0	2695	neighbors=6 on array coords; leiden_res=0.5
Mouse_Brain_Visium_10x	Visium	visium_qc+cluster	scanpy-visium-baseline	scanpy=1.10.3;anndata=0.11.4;numpy=1.26.4;scipy=1.11.4;pandas=2.2.2;scikit-learn=1.4.2	1	median_n_genes_by_counts	6228.0				in_tissue	20260209T164330Z-visium_baseline-c4191376d0	2695	neighbors=6 on array coords; leiden_res=0.5
Mouse_Brain_Visium_10x	Visium	visium_qc+cluster	scanpy-visium-baseline	scanpy=1.10.3;anndata=0.11.4;numpy=1.26.4;scipy=1.11.4;pandas=2.2.2;scikit-learn=1.4.2	1	median_pct_counts_mt	13.253233909606934				in_tissue	20260209T164330Z-visium_baseline-c4191376d0	2695	neighbors=6 on array coords; leiden_res=0.5
Mouse_Brain_Visium_10x	Visium	visium_qc+cluster	scanpy-visium-baseline	scanpy=1.10.3;anndata=0.11.4;numpy=1.26.4;scipy=1.11.4;pandas=2.2.2;scikit-learn=1.4.2	1	n_clusters	15				in_tissue	20260209T164330Z-visium_baseline-c4191376d0	2695	neighbors=6 on array coords; leiden_res=0.5
Mouse_Brain_Visium_10x	Visium	visium_qc+cluster	scanpy-visium-baseline	scanpy=1.10.3;anndata=0.11.4;numpy=1.26.4;scipy=1.11.4;pandas=2.2.2;scikit-learn=1.4.2	1	n_spots_total	2695				in_tissue	20260209T164459Z-visium_baseline-2e8b11b278	2695	neighbors=6 on array coords; leiden_res=0.5
Mouse_Brain_Visium_10x	Visium	visium_qc+cluster	scanpy-visium-baseline	scanpy=1.10.3;anndata=0.11.4;numpy=1.26.4;scipy=1.11.4;pandas=2.2.2;scikit-learn=1.4.2	1	n_spots_in_tissue	2695				in_tissue	20260209T164459Z-visium_baseline-2e8b11b278	2695	neighbors=6 on array coords; leiden_res=0.5
Mouse_Brain_Visium_10x	Visium	visium_qc+cluster	scanpy-visium-baseline	scanpy=1.10.3;anndata=0.11.4;numpy=1.26.4;scipy=1.11.4;pandas=2.2.2;scikit-learn=1.4.2	1	median_total_counts	25888.0				in_tissue	20260209T164459Z-visium_baseline-2e8b11b278	2695	neighbors=6 on array coords; leiden_res=0.5
Mouse_Brain_Visium_10x	Visium	visium_qc+cluster	scanpy-visium-baseline	scanpy=1.10.3;anndata=0.11.4;numpy=1.26.4;scipy=1.11.4;pandas=2.2.2;scikit-learn=1.4.2	1	median_n_genes_by_counts	6228.0				in_tissue	20260209T164459Z-visium_baseline-2e8b11b278	2695	neighbors=6 on array coords; leiden_res=0.5
Mouse_Brain_Visium_10x	Visium	visium_qc+cluster	scanpy-visium-baseline	scanpy=1.10.3;anndata=0.11.4;numpy=1.26.4;scipy=1.11.4;pandas=2.2.2;scikit-learn=1.4.2	1	median_pct_counts_mt	13.253233909606934				in_tissue	20260209T164459Z-visium_baseline-2e8b11b278	2695	neighbors=6 on array coords; leiden_res=0.5
Mouse_Brain_Visium_10x	Visium	visium_qc+cluster	scanpy-visium-baseline	scanpy=1.10.3;anndata=0.11.4;numpy=1.26.4;scipy=1.11.4;pandas=2.2.2;scikit-learn=1.4.2	1	n_clusters	14				in_tissue	20260209T164459Z-visium_baseline-2e8b11b278	2695	neighbors=6 on array coords; leiden_res=0.5
Mouse_Brain_Visium_10x	Visium	visium_qc+cluster	scanpy-visium-baseline	scanpy=1.10.3;anndata=0.11.4;numpy=1.26.4;scipy=1.11.4;pandas=2.2.2;scikit-learn=1.4.2	1	n_spots_total	2695				in_tissue	20260209T164628Z-visium_baseline-dc2f909d40	2695	neighbors=6 on array coords; leiden_res=0.5
Mouse_Brain_Visium_10x	Visium	visium_qc+cluster	scanpy-visium-baseline	scanpy=1.10.3;anndata=0.11.4;numpy=1.26.4;scipy=1.11.4;pandas=2.2.2;scikit-learn=1.4.2	1	n_spots_in_tissue	2695				in_tissue	20260209T164628Z-visium_baseline-dc2f909d40	2695	neighbors=6 on array coords; leiden_res=0.5
Mouse_Brain_Visium_10x	Visium	visium_qc+cluster	scanpy-visium-baseline	scanpy=1.10.3;anndata=0.11.4;numpy=1.26.4;scipy=1.11.4;pandas=2.2.2;scikit-learn=1.4.2	1	median_total_counts	25888.0				in_tissue	20260209T164628Z-visium_baseline-dc2f909d40	2695	neighbors=6 on array coords; leiden_res=0.5
Mouse_Brain_Visium_10x	Visium	visium_qc+cluster	scanpy-visium-baseline	scanpy=1.10.3;anndata=0.11.4;numpy=1.26.4;scipy=1.11.4;pandas=2.2.2;scikit-learn=1.4.2	1	median_n_genes_by_counts	6228.0				in_tissue	20260209T164628Z-visium_baseline-dc2f909d40	2695	neighbors=6 on array coords; leiden_res=0.5
Mouse_Brain_Visium_10x	Visium	visium_qc+cluster	scanpy-visium-baseline	scanpy=1.10.3;anndata=0.11.4;numpy=1.26.4;scipy=1.11.4;pandas=2.2.2;scikit-learn=1.4.2	1	median_pct_counts_mt	13.253233909606934				in_tissue	20260209T164628Z-visium_baseline-dc2f909d40	2695	neighbors=6 on array coords; leiden_res=0.5
Mouse_Brain_Visium_10x	Visium	visium_qc+cluster	scanpy-visium-baseline	scanpy=1.10.3;anndata=0.11.4;numpy=1.26.4;scipy=1.11.4;pandas=2.2.2;scikit-learn=1.4.2	1	n_clusters	15				in_tissue	20260209T164628Z-visium_baseline-dc2f909d40	2695	neighbors=6 on array coords; leiden_res=0.5
Mouse_Brain_Visium_10x	Visium	visium_deconvolution	rctd	2.2.1	1	n_cell_types	22				in_tissue	20260209T164756Z-visium_deconvolution-1c199e324e	2695	reference=Allen_Cortex_scRNA_SeuratV5_Reference_RDS;labels=provided_tsv
Mouse_Brain_Visium_10x	Visium	visium_deconvolution	tangram	1.0.4	0	n_cell_types	23				in_tissue	20260209T164756Z-visium_deconvolution-1c199e324e	2695	reference=Allen_Cortex_scRNA_SeuratV5_Reference_RDS;labels=provided_tsv;compute_tier=gpu
Mouse_Brain_Visium_10x	Visium	visium_deconvolution	rctd	2.2.1	1	gene_overlap	19641				in_tissue	20260209T164756Z-visium_deconvolution-1c199e324e	2695	reference=Allen_Cortex_scRNA_SeuratV5_Reference_RDS;labels=provided_tsv
Mouse_Brain_Visium_10x	Visium	visium_deconvolution	tangram	1.0.4	0	gene_overlap	2000				in_tissue	20260209T164756Z-visium_deconvolution-1c199e324e	2695	reference=Allen_Cortex_scRNA_SeuratV5_Reference_RDS;labels=provided_tsv;compute_tier=gpu
Mouse_Brain_Visium_10x	Visium	visium_deconvolution	rctd	2.2.1	1	mean_entropy	1.9859				in_tissue	20260209T164756Z-visium_deconvolution-1c199e324e	2695	reference=Allen_Cortex_scRNA_SeuratV5_Reference_RDS;labels=provided_tsv
Mouse_Brain_Visium_10x	Visium	visium_deconvolution	tangram	1.0.4	0	mean_entropy	2.410943445379393				in_tissue	20260209T164756Z-visium_deconvolution-1c199e324e	2695	reference=Allen_Cortex_scRNA_SeuratV5_Reference_RDS;labels=provided_tsv;compute_tier=gpu
Mouse_Brain_Visium_10x	Visium	visium_deconvolution	rctd	2.2.1	1	mean_max_weight	0.3611				in_tissue	20260209T164756Z-visium_deconvolution-1c199e324e	2695	reference=Allen_Cortex_scRNA_SeuratV5_Reference_RDS;labels=provided_tsv
Mouse_Brain_Visium_10x	Visium	visium_deconvolution	tangram	1.0.4	0	mean_max_weight	0.2356843285919407				in_tissue	20260209T164756Z-visium_deconvolution-1c199e324e	2695	reference=Allen_Cortex_scRNA_SeuratV5_Reference_RDS;labels=provided_tsv;compute_tier=gpu
Mouse_Brain_Visium_10x	Visium	visium_deconvolution	rctd	2.2.1	1	n_cell_types	22				in_tissue	20260209T173206Z-visium_deconvolution-c4aaa3502c	2695	reference=Allen_Cortex_scRNA_SeuratV5_Reference_RDS;labels=provided_tsv
Mouse_Brain_Visium_10x	Visium	visium_deconvolution	tangram	1.0.4	0	n_cell_types	23				in_tissue	20260209T173206Z-visium_deconvolution-c4aaa3502c	2695	reference=Allen_Cortex_scRNA_SeuratV5_Reference_RDS;labels=provided_tsv;compute_tier=gpu
Mouse_Brain_Visium_10x	Visium	visium_deconvolution	rctd	2.2.1	1	gene_overlap	19641				in_tissue	20260209T173206Z-visium_deconvolution-c4aaa3502c	2695	reference=Allen_Cortex_scRNA_SeuratV5_Reference_RDS;labels=provided_tsv
Mouse_Brain_Visium_10x	Visium	visium_deconvolution	tangram	1.0.4	0	gene_overlap	2000				in_tissue	20260209T173206Z-visium_deconvolution-c4aaa3502c	2695	reference=Allen_Cortex_scRNA_SeuratV5_Reference_RDS;labels=provided_tsv;compute_tier=gpu
Mouse_Brain_Visium_10x	Visium	visium_deconvolution	rctd	2.2.1	1	mean_entropy	1.9859				in_tissue	20260209T173206Z-visium_deconvolution-c4aaa3502c	2695	reference=Allen_Cortex_scRNA_SeuratV5_Reference_RDS;labels=provided_tsv
Mouse_Brain_Visium_10x	Visium	visium_deconvolution	tangram	1.0.4	0	mean_entropy	2.400195145269201				in_tissue	20260209T173206Z-visium_deconvolution-c4aaa3502c	2695	reference=Allen_Cortex_scRNA_SeuratV5_Reference_RDS;labels=provided_tsv;compute_tier=gpu
Mouse_Brain_Visium_10x	Visium	visium_deconvolution	rctd	2.2.1	1	mean_max_weight	0.3611				in_tissue	20260209T173206Z-visium_deconvolution-c4aaa3502c	2695	reference=Allen_Cortex_scRNA_SeuratV5_Reference_RDS;labels=provided_tsv
Mouse_Brain_Visium_10x	Visium	visium_deconvolution	tangram	1.0.4	0	mean_max_weight	0.23898520791342945				in_tissue	20260209T173206Z-visium_deconvolution-c4aaa3502c	2695	reference=Allen_Cortex_scRNA_SeuratV5_Reference_RDS;labels=provided_tsv;compute_tier=gpu
